week,start_date,end_date,student_id,cars_accuracy,sciences_accuracy,class_accuracy,completed_lessons,total_completed_passages_discrete_sets,score_trends_on_completed_dailies,num_attended_large_session,num_scheduled_large_session,num_attended_small_session,num_scheduled_small_session,class_participation,homework_participation
1,6/2/25,6/8/25,1,1,0.75,0.97,12,7,0.79,2,2,,,1,1
1,6/2/25,6/8/25,2,0.58,0.88,0.83,7,6,0.78,2,2,,,1,1
1,6/2/25,6/8/25,3,,0.88,0.88,0,3,0.88,2,2,,,0.33,0
1,6/2/25,6/8/25,4,1,0.75,0.71,5,4,0.83,2,2,,,0.67,1
1,6/2/25,6/8/25,5,,,0.83,0,4,,2,2,,,0,1
1,6/2/25,6/8/25,6,0.67,0.79,0.76,0,4,0.76,2,2,,,1,1
1,6/2/25,6/8/25,7,0.9,0.83,0.95,10,8,0.84,2,2,,,1,1
1,6/2/25,6/8/25,8,0.33,0.33,0.33,9,5,0.33,2,2,,,0,1
1,6/2/25,6/8/25,9,0.83,0.61,0.82,13,8,0.64,2,2,,,1,1
1,6/2/25,6/8/25,10,,,0.75,1,3,,2,2,,,0,1
1,6/2/25,6/8/25,11,0.69,0.94,0.75,2,11,0.76,2,2,,,0.33,1
1,6/2/25,6/8/25,12,0.71,0.54,0.67,1,10,0.62,2,2,,,0.67,0.5
1,6/2/25,6/8/25,13,1,,1,0,15,1,2,2,,,0,1
1,6/2/25,6/8/25,14,0.67,0.72,0.83,8,9,0.71,2,2,,,0.33,0.5
1,6/2/25,6/8/25,15,0.96,0.96,0.97,5,8,0.96,2,2,,,1,1
1,6/2/25,6/8/25,16,1,0.94,0.96,14,5,0.96,2,2,,,0.67,1
1,6/2/25,6/8/25,17,0.83,0.68,0.71,7,5,0.71,2,2,,,1,1
1,6/2/25,6/8/25,18,0.73,0.58,0.69,5,9,0.67,2,2,,,1,1
1,6/2/25,6/8/25,19,,0.92,0.92,0,3,0.92,0,2,,,1,0
1,6/2/25,6/8/25,20,0.67,0,0.22,6,5,0.22,2,2,,,0.33,1
1,6/2/25,6/8/25,21,1,1,1,11,5,1,2,2,,,1,1
1,6/2/25,6/8/25,22,,0,0.25,3,4,0,2,2,,,0,1
1,6/2/25,6/8/25,23,0.87,0.65,0.96,5,9,0.72,2,2,,,1,0
1,6/2/25,6/8/25,24,0.67,0.6,0.71,2,5,0.62,2,2,,,1,1
1,6/2/25,6/8/25,25,0.83,0.65,0.68,3,5,0.68,2,2,,,1,1
1,6/2/25,6/8/25,26,0.76,0.77,0.9,4,16,0.77,2,2,,,0.33,1
1,6/2/25,6/8/25,27,0.5,,0.5,1,4,0.5,2,2,,,0,0.5
1,6/2/25,6/8/25,28,,1,1,0,4,1,2,2,,,0,1
1,6/2/25,6/8/25,29,0.8,0.92,0.94,11,5,0.87,2,2,,,1,1
1,6/2/25,6/8/25,30,1,1,1,3,5,1,2,2,,,0,1
1,6/2/25,6/8/25,31,1,0.97,0.97,9,6,0.98,2,2,,,1,1
1,6/2/25,6/8/25,32,0.33,0.69,0.62,2,5,0.62,2,2,,,1,1
1,6/2/25,6/8/25,33,,,0.42,0,3,,2,2,,,0,1
1,6/2/25,6/8/25,34,1,1,1,6,5,1,2,2,,,0,1
1,6/2/25,6/8/25,35,0.67,0.67,0.67,3,5,0.67,2,2,,,0.67,1
1,6/2/25,6/8/25,36,1,0.84,0.97,12,6,0.87,2,2,,,1,1
1,6/2/25,6/8/25,37,1,,1,8,3,1,2,2,,,0,1
1,6/2/25,6/8/25,38,0.5,0.9,0.82,6,7,0.83,2,2,,,1,1
1,6/2/25,6/8/25,39,,0.5,0.5,8,2,0.5,2,2,,,1,0
1,6/2/25,6/8/25,40,0.33,0.64,0.62,0,5,0.52,2,2,,,0.67,1
1,6/2/25,6/8/25,41,,,,0,3,,2,2,,,0,0
1,6/2/25,6/8/25,42,,,0.5,5,2,,2,2,,,0,1
1,6/2/25,6/8/25,43,1,0.91,1,12,17,0.94,2,2,,,0,1
1,6/2/25,6/8/25,44,0.6,0.73,1,9,13,0.67,1,2,,,0.67,1
1,6/2/25,6/8/25,45,,,,2,4,,2,2,,,0,0
1,6/2/25,6/8/25,46,1,1,1,0,5,1,2,2,,,1,1
1,6/2/25,6/8/25,47,0.33,0.81,0.68,1,5,0.71,2,2,,,1,1
1,6/2/25,6/8/25,48,0.67,0.47,0.51,5,6,0.51,2,2,,,1,1
1,6/2/25,6/8/25,49,1,0.79,0.78,8,4,0.84,2,2,,,1,1
1,6/2/25,6/8/25,50,,0.75,0.79,5,4,0.75,2,2,,,0.33,1
1,6/2/25,6/8/25,51,,,1,2,3,,2,2,,,0,0.5
1,6/2/25,6/8/25,52,0.33,,0.33,5,4,0.33,2,2,,,0,1
1,6/2/25,6/8/25,53,1,0.97,1,5,11,0.98,2,2,,,1,1
1,6/2/25,6/8/25,54,0.37,0.58,0.61,4,7,0.52,2,2,,,1,1
1,6/2/25,6/8/25,55,1,0.63,0.84,2,7,0.68,2,2,,,1,0.5
1,6/2/25,6/8/25,56,1,1,1,2,5,1,2,2,,,1,1
1,6/2/25,6/8/25,57,,,,3,3,,2,2,,,0,0
1,6/2/25,6/8/25,58,0.67,0.11,0.25,6,5,0.25,2,2,,,0.67,1
1,6/2/25,6/8/25,59,0.17,0.35,0.32,5,5,0.32,2,2,,,1,1
1,6/2/25,6/8/25,60,1,1,1,3,6,1,2,2,,,1,1
1,6/2/25,6/8/25,61,,0.94,0.85,16,4,0.94,2,2,,,1,1
1,6/2/25,6/8/25,62,1,1,1,12,8,1,2,2,,,0,1
1,6/2/25,6/8/25,63,1,0.94,0.96,6,12,0.98,2,2,,,0.33,1
1,6/2/25,6/8/25,64,1,1,1,4,6,1,2,2,,,1,1
1,6/2/25,6/8/25,65,0.83,0.57,0.82,3,7,0.61,2,2,,,1,1
1,6/2/25,6/8/25,66,1,1,1,5,7,1,2,2,,,0,1
1,6/2/25,6/8/25,67,0.49,0.33,0.3,5,7,0.4,2,2,,,1,1
1,6/2/25,6/8/25,68,0.75,0.89,0.91,8,6,0.84,2,2,,,1,1
1,6/2/25,6/8/25,69,0.75,0.5,0.75,3,7,0.67,2,2,,,0,1
1,6/2/25,6/8/25,70,0.5,0.5,0.5,6,6,0.5,2,2,,,0,1
1,6/2/25,6/8/25,71,0.5,0.69,0.62,9,9,0.55,2,2,,,0.5,1
1,6/2/25,6/8/25,72,0.17,0,0.08,2,8,0.09,2,2,,,0,1
1,6/2/25,6/8/25,73,0.66,0.96,0.97,5,12,0.73,2,2,,,1,1
1,6/2/25,6/8/25,74,,,,0,4,,2,2,,,0,0
1,6/2/25,6/8/25,75,,0.96,0.72,5,4,0.96,2,2,,,0.67,1
1,6/2/25,6/8/25,76,0.55,0.57,0.67,2,7,0.56,2,2,,,0,0.5
1,6/2/25,6/8/25,77,0.95,0.93,1,8,13,0.94,2,2,,,1,1
1,6/2/25,6/8/25,78,1,0.92,0.94,5,4,0.94,2,2,,,1,1
1,6/2/25,6/8/25,79,1,0.88,0.92,7,8,0.95,2,2,,,0.33,1
1,6/2/25,6/8/25,80,0.33,0.37,0.42,7,8,0.36,2,2,,,0,1
1,6/2/25,6/8/25,81,0.53,0.88,0.88,5,10,0.68,2,2,,,1,0
1,6/2/25,6/8/25,82,,1,1,6,4,1,2,2,,,0.33,0
1,6/2/25,6/8/25,83,,0.38,0.83,5,5,0.38,2,2,,,0,0.5
1,6/2/25,6/8/25,84,0.92,0.77,0.94,14,7,0.82,2,2,,,1,0.5
1,6/2/25,6/8/25,85,,0.92,0.72,5,3,0.92,2,2,,,1,1
1,6/2/25,6/8/25,86,,0.83,0.83,4,5,0.83,2,2,,,1,0
1,6/2/25,6/8/25,87,1,0.56,0.67,9,6,0.73,2,2,,,0.67,1
1,6/2/25,6/8/25,88,1,0.82,0.93,22,9,0.86,2,2,,,1,1
1,6/2/25,6/8/25,89,,,,1,4,,2,2,,,0,0
1,6/2/25,6/8/25,90,0.67,1,0.93,0,5,0.93,2,2,,,1,1
1,6/2/25,6/8/25,91,,1,1,6,3,1,2,2,,,0.33,1
1,6/2/25,6/8/25,92,0.48,0.72,0.68,9,8,0.62,2,2,,,1,1
1,6/2/25,6/8/25,93,0.83,0.5,0.67,1,6,0.67,2,2,,,0,1
1,6/2/25,6/8/25,94,1,0.75,0.83,4,4,0.83,2,2,,,0.67,0.5
1,6/2/25,6/8/25,95,0.63,0.76,0.84,8,8,0.73,2,2,,,1,1
1,6/2/25,6/8/25,96,1,0.91,1,11,6,0.93,2,2,,,0.67,1
1,6/2/25,6/8/25,97,0.88,0.71,0.77,13,7,0.78,2,2,,,1,1
1,6/2/25,6/8/25,98,0.73,0.6,0.88,4,9,0.67,2,2,,,0.33,0
1,6/2/25,6/8/25,99,0.8,1,1,7,6,0.93,2,2,,,1,1
1,6/2/25,6/8/25,100,,,,0,3,,2,2,,,0,0
1,6/2/25,6/8/25,101,0.79,0.86,0.9,6,6,0.83,2,2,,,0.67,1
1,6/2/25,6/8/25,102,0.75,0.68,0.68,13,10,0.72,2,2,,,0.67,1
1,6/2/25,6/8/25,103,,0.67,0.57,4,3,0.67,2,2,,,1,1
1,6/2/25,6/8/25,104,0.83,0.32,0.5,5,6,0.49,2,2,,,0,1
1,6/2/25,6/8/25,105,0.42,0.89,0.78,5,6,0.73,2,2,,,1,1
1,6/2/25,6/8/25,106,,,,0,0,,0,2,,,0,0
1,6/2/25,6/8/25,107,,0.29,0.31,11,3,0.29,2,2,,,1,1
1,6/2/25,6/8/25,108,,,0.33,2,3,,1,2,,,0,0.5
1,6/2/25,6/8/25,109,1,0.97,0.84,14,5,0.98,2,2,,,1,1
1,6/2/25,6/8/25,110,0.58,0.33,0.5,4,6,0.5,2,2,,,0,1
1,6/2/25,6/8/25,111,0.67,0.89,0.89,8,5,0.84,2,2,,,1,0.5
1,6/2/25,6/8/25,112,0.63,0.76,0.97,7,14,0.7,2,2,,,1,1
1,6/2/25,6/8/25,113,,,,5,5,,2,2,,,0,0
1,6/2/25,6/8/25,114,0.67,0.81,0.81,4,7,0.78,2,2,,,1,0.5
1,6/2/25,6/8/25,115,,,0.83,0,3,,2,2,,,0,0.5
1,6/2/25,6/8/25,116,0.5,0.6,0.63,7,6,0.59,2,2,,,1,1
1,6/2/25,6/8/25,117,1,0.51,0.64,13,5,0.64,2,2,,,0.67,1
1,6/2/25,6/8/25,118,1,0.68,0.88,8,6,0.73,2,2,,,1,1
1,6/2/25,6/8/25,119,,0.96,0.93,4,5,0.96,2,2,,,1,0.5
1,6/2/25,6/8/25,120,1,0.85,0.9,7,5,0.9,2,2,,,0.33,1
1,6/2/25,6/8/25,121,0.5,0.46,0.75,17,7,0.47,2,2,,,0,1
1,6/2/25,6/8/25,122,1,0.93,0.93,15,5,0.94,0,2,,,1,0.5
1,6/2/25,6/8/25,123,0.57,0.72,0.91,9,11,0.67,2,2,,,0.67,1
1,6/2/25,6/8/25,124,0.55,0.5,0.5,1,8,0.52,2,2,,,0,1
1,6/2/25,6/8/25,125,0.83,0.66,0.82,13,6,0.69,2,2,,,1,1
1,6/2/25,6/8/25,126,,,,5,3,,2,2,,,0,0
1,6/2/25,6/8/25,127,0.5,0.84,0.78,3,5,0.78,2,2,,,1,1
1,6/2/25,6/8/25,128,1,,0.75,5,4,1,2,2,,,0,1
1,6/2/25,6/8/25,129,0.71,0.57,0.67,9,15,0.62,2,2,,,0.67,1
1,6/2/25,6/8/25,130,,0.63,0.88,1,4,0.64,2,2,,,0.33,0
1,6/2/25,6/8/25,131,0.73,0.63,0.83,0,10,0.7,2,2,,,0,0.5
1,6/2/25,6/8/25,132,,0.72,0.64,1,4,0.72,1,2,,,1,1
1,6/2/25,6/8/25,133,0.5,0.67,0.72,2,9,0.65,2,2,,,0.33,1
1,6/2/25,6/8/25,134,,,,2,4,,1,2,,,0,0
1,6/2/25,6/8/25,135,0.56,0.69,0.69,2,11,0.6,2,2,,,0.33,0.5
1,6/2/25,6/8/25,136,,0.83,0.83,0,5,0.83,2,2,,,0.33,0.5
1,6/2/25,6/8/25,137,0.67,0.88,0.88,11,7,0.82,2,2,,,1,1
1,6/2/25,6/8/25,138,0.54,0.29,0.5,6,11,0.46,2,2,,,0.5,1
1,6/2/25,6/8/25,139,0.59,0.92,0.85,4,9,0.71,2,2,,,1,1
1,6/2/25,6/8/25,140,,0.96,0.78,0,3,0.96,2,2,,,1,1
1,6/2/25,6/8/25,141,,0.79,0.5,6,3,0.79,2,2,,,0,1
1,6/2/25,6/8/25,142,,,1,5,3,,2,2,,,0,1
1,6/2/25,6/8/25,143,1,0.94,0.94,6,6,0.96,2,2,,,0.67,0.5
1,6/2/25,6/8/25,144,,0.33,0.62,3,4,0.33,2,2,,,0.67,1
1,6/2/25,6/8/25,145,0.67,0.78,0.89,11,8,0.77,2,2,,,0.67,1
1,6/2/25,6/8/25,146,0.5,0.79,0.67,8,7,0.73,2,2,,,0.67,1
1,6/2/25,6/8/25,147,,0.5,0.67,3,7,0.5,2,2,,,0.33,0.5
1,6/2/25,6/8/25,148,0.48,0.46,0.55,5,13,0.47,2,2,,,1,0.5
1,6/2/25,6/8/25,149,0.44,0.76,0.68,20,15,0.53,2,2,,,1,1
1,6/2/25,6/8/25,150,0.8,0.73,0.97,5,12,0.75,2,2,,,0.67,1
2,6/9/25,6/15/25,1,,0.98,0.98,2,5,0.98,2,2,,,1,1
2,6/9/25,6/15/25,2,,1,1,0,2,1,2,2,,,1,1
2,6/9/25,6/15/25,3,,0.94,0.94,0,2,0.94,2,2,,,1,0
2,6/9/25,6/15/25,4,,0.62,0.78,0,1,0.63,2,2,,,1,1
2,6/9/25,6/15/25,5,,1,0.7,0,1,1,2,2,,,1,1
2,6/9/25,6/15/25,6,,0.67,0.79,0,2,0.67,2,2,,,0.5,1
2,6/9/25,6/15/25,7,0.8,0.78,0.77,3,7,0.79,2,2,,,1,1
2,6/9/25,6/15/25,8,,,0.4,0,1,,2,2,,,0,0.5
2,6/9/25,6/15/25,9,,0.81,0.73,2,2,0.81,2,2,,,1,0.8
2,6/9/25,6/15/25,10,0.5,0.96,0.75,5,4,0.85,2,2,,,1,1
2,6/9/25,6/15/25,11,0.54,0.75,0.75,3,19,0.59,2,2,,,1,1
2,6/9/25,6/15/25,12,0.54,0.72,0.59,11,12,0.61,2,2,,,1,1
2,6/9/25,6/15/25,13,,0.6,0.8,1,7,0.6,2,2,,,0,0.666666667
2,6/9/25,6/15/25,14,0.67,0.65,0.65,3,6,0.66,2,2,,,1,1
2,6/9/25,6/15/25,15,,0.89,0.9,6,4,0.9,2,2,,,0.5,1
2,6/9/25,6/15/25,16,,1,0.96,3,3,1,2,2,,,1,1
2,6/9/25,6/15/25,17,,0.76,0.71,4,4,0.77,2,2,,,1,1
2,6/9/25,6/15/25,18,0.8,0.77,0.73,1,9,0.78,2,2,,,1,1
2,6/9/25,6/15/25,19,,,,0,1,,1,2,,,0,0
2,6/9/25,6/15/25,20,,0.88,0.83,0,4,0.89,2,2,,,1,0.4
2,6/9/25,6/15/25,21,,1,0.9,2,2,1,2,2,,,1,1
2,6/9/25,6/15/25,22,,,,0,1,,2,2,,,0,0
2,6/9/25,6/15/25,23,,1,1,2,3,1,2,2,,,0.5,0
2,6/9/25,6/15/25,24,,1,1,3,3,1,2,2,,,1,0
2,6/9/25,6/15/25,25,,0.88,0.76,0,2,0.88,2,2,,,1,1
2,6/9/25,6/15/25,26,,0.9,0.9,5,4,0.9,2,2,,,1,1
2,6/9/25,6/15/25,27,,0.75,0.75,0,3,0.76,2,2,,,1,1
2,6/9/25,6/15/25,28,,,,0,2,,2,2,,,0,0
2,6/9/25,6/15/25,29,,1,1,4,4,1,2,2,,,1,1
2,6/9/25,6/15/25,30,,,0.95,2,0,,2,2,,,0,1
2,6/9/25,6/15/25,31,1,1,1,4,4,1,2,2,,,1,1
2,6/9/25,6/15/25,32,,0.92,0.92,3,4,0.92,2,2,,,1,1
2,6/9/25,6/15/25,33,,0.67,0.67,7,2,0.67,2,2,,,0.5,0
2,6/9/25,6/15/25,34,,1,0.96,1,1,1,2,2,,,1,0.8
2,6/9/25,6/15/25,35,,0.82,0.78,0,2,0.82,2,2,,,1,1
2,6/9/25,6/15/25,36,,0.94,0.96,0,2,0.94,2,2,,,1,1
2,6/9/25,6/15/25,37,1,0.96,0.97,6,7,0.97,2,2,,,1,1
2,6/9/25,6/15/25,38,,1,0.82,0,2,1,2,2,,,1,1
2,6/9/25,6/15/25,39,,,,0,1,,2,2,,,0,0
2,6/9/25,6/15/25,40,,1,0.8,0,1,1,2,2,,,1,1
2,6/9/25,6/15/25,41,,,,0,2,,2,2,,,0,0
2,6/9/25,6/15/25,42,,,,0,1,,2,2,,,0,0
2,6/9/25,6/15/25,43,,1,0.9,0,2,1,2,2,,,0.5,0.8
2,6/9/25,6/15/25,44,0.55,1,1,5,10,0.73,0,2,,,1,1
2,6/9/25,6/15/25,45,,,,0,1,,2,2,,,0,0
2,6/9/25,6/15/25,46,,0.97,0.97,0,4,0.97,2,2,,,1,1
2,6/9/25,6/15/25,47,,0.85,0.6,1,2,0.85,2,2,,,0,1
2,6/9/25,6/15/25,48,,0.78,0.56,0,2,0.78,2,2,,,0.5,1
2,6/9/25,6/15/25,49,0.7,0.87,0.75,7,7,0.8,2,2,,,1,1
2,6/9/25,6/15/25,50,,,,0,1,,2,2,,,0,0
2,6/9/25,6/15/25,51,1,1,1,5,5,1,2,2,,,0,0.5
2,6/9/25,6/15/25,52,0.67,0.24,0.56,9,4,0.34,2,2,,,1,0.6
2,6/9/25,6/15/25,53,,1,1,3,4,1,2,2,,,1,1
2,6/9/25,6/15/25,54,,0.74,0.72,6,6,0.73,2,2,,,1,1
2,6/9/25,6/15/25,55,,0.85,0.85,0,4,0.85,2,2,,,1,1
2,6/9/25,6/15/25,56,,0.83,0.86,3,2,0.83,2,2,,,1,0.5
2,6/9/25,6/15/25,57,,,,0,2,,1,2,,,0,0
2,6/9/25,6/15/25,58,,0.89,0.54,0,2,0.89,2,2,,,0.5,1
2,6/9/25,6/15/25,59,,0.71,0.71,1,4,0.71,2,2,,,1,1
2,6/9/25,6/15/25,60,,0.86,0.7,2,6,0.85,2,2,,,0.5,1
2,6/9/25,6/15/25,61,,0.72,0.69,1,4,0.72,2,2,,,1,1
2,6/9/25,6/15/25,62,,1,1,0,2,1,2,2,,,1,0.75
2,6/9/25,6/15/25,63,,1,1,4,7,1,2,2,,,1,1
2,6/9/25,6/15/25,64,,,,0,1,,2,2,,,0,0
2,6/9/25,6/15/25,65,,0.69,0.69,4,4,0.69,2,2,,,1,1
2,6/9/25,6/15/25,66,1,1,1,2,3,1,2,2,,,0,1
2,6/9/25,6/15/25,67,0.45,0.46,0.4,9,10,0.46,2,2,,,1,1
2,6/9/25,6/15/25,68,,0.87,0.87,4,4,0.87,2,2,,,1,1
2,6/9/25,6/15/25,69,,0.97,0.96,3,3,0.97,2,2,,,1,1
2,6/9/25,6/15/25,70,,0.94,0.73,0,2,0.94,2,2,,,1,1
2,6/9/25,6/15/25,71,,0.97,0.91,5,4,0.97,2,2,,,1,1
2,6/9/25,6/15/25,72,0.79,0.5,0.5,5,8,0.72,2,2,,,0,0.5
2,6/9/25,6/15/25,73,0.79,0.94,0.77,0,9,0.83,2,2,,,1,1
2,6/9/25,6/15/25,74,,1,1,0,3,1,2,2,,,0.5,0
2,6/9/25,6/15/25,75,,0.69,0.78,0,5,0.69,2,2,,,1,1
2,6/9/25,6/15/25,76,0.68,0.79,0.82,5,10,0.75,2,2,,,1,1
2,6/9/25,6/15/25,77,0.67,1,1,0,8,0.86,2,2,,,1,1
2,6/9/25,6/15/25,78,,0.79,0.7,5,5,0.79,2,2,,,1,1
2,6/9/25,6/15/25,79,0.89,0.88,0.9,5,14,0.89,2,2,,,1,1
2,6/9/25,6/15/25,80,,,,0,1,,2,2,,,0,0
2,6/9/25,6/15/25,81,,1,0.65,0,1,1,2,2,,,1,0.5
2,6/9/25,6/15/25,82,,0.7,0.7,1,2,0.7,2,2,,,1,0
2,6/9/25,6/15/25,83,,0.96,0.97,7,4,0.96,2,2,,,1,1
2,6/9/25,6/15/25,84,1,0.97,0.98,6,6,0.98,2,2,,,1,1
2,6/9/25,6/15/25,85,0.5,0.73,0.75,5,5,0.68,2,2,,,1,1
2,6/9/25,6/15/25,86,,0.93,0.93,0,6,0.93,2,2,,,1,0.5
2,6/9/25,6/15/25,87,0.86,0.91,0.91,5,11,0.88,2,2,,,1,1
2,6/9/25,6/15/25,88,,1,0.95,4,4,1,2,2,,,1,1
2,6/9/25,6/15/25,89,,,,0,2,,2,2,,,0,0
2,6/9/25,6/15/25,90,,1,1,0,4,1,2,2,,,1,1
2,6/9/25,6/15/25,91,0.89,0.75,,5,8,0.83,2,2,,,0,0
2,6/9/25,6/15/25,92,0.65,0.94,0.73,2,4,0.8,2,2,,,1,1
2,6/9/25,6/15/25,93,,1,1,14,3,1,2,2,,,0,1
2,6/9/25,6/15/25,94,,0.94,1,4,2,0.94,2,2,,,0.5,1
2,6/9/25,6/15/25,95,,0.76,0.72,4,6,0.76,2,2,,,1,1
2,6/9/25,6/15/25,96,1,1,1,3,5,1,2,2,,,1,1
2,6/9/25,6/15/25,97,0.92,0.89,0.91,4,6,0.9,2,2,,,1,1
2,6/9/25,6/15/25,98,0.75,0.77,0.77,5,8,0.76,2,2,,,1,1
2,6/9/25,6/15/25,99,,1,0.95,0,2,1,2,2,,,1,1
2,6/9/25,6/15/25,100,0.67,0.66,0.89,5,8,0.66,2,2,,,1,0
2,6/9/25,6/15/25,101,,0.85,0.85,3,4,0.85,2,2,,,1,1
2,6/9/25,6/15/25,102,0.59,0.94,0.79,2,5,0.73,2,2,,,1,1
2,6/9/25,6/15/25,103,0.83,0.51,0.74,1,4,0.59,2,2,,,0.5,1
2,6/9/25,6/15/25,104,,0.75,0.65,4,1,0.75,2,2,,,1,1
2,6/9/25,6/15/25,105,,1,0.95,6,2,1,2,2,,,1,1
2,6/9/25,6/15/25,106,,,,0,0,,0,2,,,0,0
2,6/9/25,6/15/25,107,,0.5,0.51,0,3,0.5,2,2,,,1,0.75
2,6/9/25,6/15/25,108,0.33,,,4,3,0.33,2,2,,,0,0
2,6/9/25,6/15/25,109,,0.74,0.78,0,7,0.74,2,2,,,1,1
2,6/9/25,6/15/25,110,,0.62,0.71,2,1,0.63,2,2,,,1,1
2,6/9/25,6/15/25,111,1,0.75,0.8,2,6,0.8,2,2,,,1,1
2,6/9/25,6/15/25,112,1,0.97,0.98,6,5,0.98,2,2,,,1,1
2,6/9/25,6/15/25,113,,0.56,0.56,7,4,0.56,2,2,,,1,1
2,6/9/25,6/15/25,114,,0.78,0.78,0,4,0.79,2,2,,,1,1
2,6/9/25,6/15/25,115,,0.74,0.61,0,4,0.74,2,2,,,1,0
2,6/9/25,6/15/25,116,,1,1,1,1,1,2,2,,,1,0
2,6/9/25,6/15/25,117,0.62,0.82,0.97,22,14,0.79,2,2,,,1,1
2,6/9/25,6/15/25,118,0.85,0.83,0.82,7,7,0.84,2,2,,,1,1
2,6/9/25,6/15/25,119,,0.85,0.94,0,3,0.85,2,2,,,1,0
2,6/9/25,6/15/25,120,,1,1,2,2,1,2,2,,,0.5,1
2,6/9/25,6/15/25,121,,0.65,0.66,3,4,0.65,2,2,,,0,1
2,6/9/25,6/15/25,122,,1,1,0,3,1,0,2,,,1,0
2,6/9/25,6/15/25,123,,0.76,0.53,0,2,0.77,2,2,,,1,1
2,6/9/25,6/15/25,124,0.68,1,1,11,4,0.79,2,2,,,0,1
2,6/9/25,6/15/25,125,,0.94,0.93,1,2,0.94,2,2,,,1,1
2,6/9/25,6/15/25,126,,,0.85,0,1,,2,2,,,0,1
2,6/9/25,6/15/25,127,,1,1,0,2,1,2,2,,,1,0
2,6/9/25,6/15/25,128,,,0.9,0,1,,2,2,,,0,1
2,6/9/25,6/15/25,129,0.87,0.66,0.68,2,7,0.75,2,2,,,1,1
2,6/9/25,6/15/25,130,,0.95,0.95,0,3,0.95,2,2,,,0,1
2,6/9/25,6/15/25,131,,0.95,0.95,0,7,0.95,2,2,,,0,1
2,6/9/25,6/15/25,132,,0.66,0.63,5,4,0.66,0,2,,,1,1
2,6/9/25,6/15/25,133,0.86,0.75,0.78,2,2,0.81,2,2,,,1,1
2,6/9/25,6/15/25,134,,,,0,1,,2,2,,,0,0
2,6/9/25,6/15/25,135,1,1,1,5,3,1,2,2,,,1,1
2,6/9/25,6/15/25,136,,1,1,0,2,1,2,2,,,1,0
2,6/9/25,6/15/25,137,,0.88,0.88,0,2,0.88,2,2,,,1,0
2,6/9/25,6/15/25,138,0.69,1,0.9,2,4,0.84,2,2,,,1,0.666666667
2,6/9/25,6/15/25,139,0.54,0.69,0.74,8,16,0.61,2,2,,,1,1
2,6/9/25,6/15/25,140,,0.75,0.85,0,3,0.75,2,2,,,0.5,0.5
2,6/9/25,6/15/25,141,,0.88,,0,1,0.88,2,2,,,0,0
2,6/9/25,6/15/25,142,,0.6,0.7,0,2,0.6,2,2,,,1,1
2,6/9/25,6/15/25,143,,1,0.59,0,2,1,2,2,,,1,0.8
2,6/9/25,6/15/25,144,,1,0.73,0,1,1,2,2,,,1,0.666666667
2,6/9/25,6/15/25,145,0.84,0.75,0.54,7,6,0.81,2,2,,,1,1
2,6/9/25,6/15/25,146,,0.94,0.93,0,2,0.94,2,2,,,1,0.5
2,6/9/25,6/15/25,147,,0.83,0.82,0,2,0.83,2,2,,,1,0.333333333
2,6/9/25,6/15/25,148,0.33,0.76,0.76,6,6,0.68,2,2,,,1,1
2,6/9/25,6/15/25,149,0.71,0.9,0.81,4,8,0.81,2,2,,,1,1
2,6/9/25,6/15/25,150,0.96,0.68,0.83,2,9,0.82,2,2,,,0.5,1
3,6/16/25,6/22/25,1,,1,1,0,4,1,2,2,,,1,1
3,6/16/25,6/22/25,2,,1,0.9,3,5,1,2,2,,,0.5,1
3,6/16/25,6/22/25,3,,1,1,0,3,1,1,2,,,1,0
3,6/16/25,6/22/25,4,,0.79,0.7,0,7,0.79,2,2,,,0.5,0
3,6/16/25,6/22/25,5,,1,0.87,0,4,1,2,2,,,1,1
3,6/16/25,6/22/25,6,,0.82,0,0,5,0.82,2,2,,,1,0
3,6/16/25,6/22/25,7,0.94,0.72,0.7,2,9,0.79,2,2,,,1,1
3,6/16/25,6/22/25,8,0.6,0.38,0.2,6,7,0.42,2,2,,,1,1
3,6/16/25,6/22/25,9,0.6,0.89,0.87,3,8,0.85,2,2,,,1,1
3,6/16/25,6/22/25,10,,0,0.6,0,2,0,2,2,,,0,1
3,6/16/25,6/22/25,11,0.67,0.71,0.7,2,25,0.69,2,2,,,0.67,1
3,6/16/25,6/22/25,12,0.7,0.61,0.7,2,13,0.63,2,2,,,1,1
3,6/16/25,6/22/25,13,,0.76,0.9,14,7,0.77,2,2,,,1,1
3,6/16/25,6/22/25,14,0.6,0.54,0.63,5,8,0.55,2,2,,,1,1
3,6/16/25,6/22/25,15,0.97,0.93,0.9,5,8,0.95,2,2,,,1,1
3,6/16/25,6/22/25,16,1,0.86,0.9,6,9,0.92,2,2,,,1,1
3,6/16/25,6/22/25,17,0.53,0.67,0.8,6,5,0.61,2,2,,,1,1
3,6/16/25,6/22/25,18,0.7,0.8,0.9,2,7,0.77,2,2,,,1,0
3,6/16/25,6/22/25,19,,1,1,0,4,1,0,2,,,1,0
3,6/16/25,6/22/25,20,0.67,,0,3,3,0.67,2,2,,,1,0
3,6/16/25,6/22/25,21,,0.93,1,2,6,0.93,2,2,,,1,0
3,6/16/25,6/22/25,22,0.17,0.35,0,0,3,0.29,2,2,,,1,0
3,6/16/25,6/22/25,23,0.67,1,,0,5,0.87,2,2,,,0,0
3,6/16/25,6/22/25,24,,0.85,1,3,4,0.85,2,2,,,1,0
3,6/16/25,6/22/25,25,0.6,0.84,0.93,5,10,0.81,2,2,,,1,1
3,6/16/25,6/22/25,26,0.9,0.56,0.2,4,7,0.66,2,2,,,1,1
3,6/16/25,6/22/25,27,,0.5,,4,1,0.5,2,2,,,0,0
3,6/16/25,6/22/25,28,1,,,1,3,1,2,2,,,0,0
3,6/16/25,6/22/25,29,0.83,0.5,1,2,3,0.61,2,2,,,1,0
3,6/16/25,6/22/25,30,,0.97,1,2,5,0.97,2,2,,,1,1
3,6/16/25,6/22/25,31,1,1,1,4,5,1,2,2,,,1,1
3,6/16/25,6/22/25,32,,0.88,0.45,5,4,0.88,2,2,,,1,0
3,6/16/25,6/22/25,33,,0.83,0.5,0,4,0.83,2,2,,,0.5,0
3,6/16/25,6/22/25,34,1,0.9,1,3,7,0.96,2,2,,,1,1
3,6/16/25,6/22/25,35,0.6,0.56,0.9,8,11,0.56,2,2,,,1,1
3,6/16/25,6/22/25,36,0.9,0.93,0.87,7,11,0.92,2,2,,,1,1
3,6/16/25,6/22/25,37,1,1,1,6,5,1,2,2,,,0,1
3,6/16/25,6/22/25,38,,1,0.87,2,4,1,2,2,,,1,1
3,6/16/25,6/22/25,39,,,1,0,1,,2,2,,,1,0
3,6/16/25,6/22/25,40,,1,1,5,2,1,2,2,,,1,0
3,6/16/25,6/22/25,41,,,,0,0,,2,2,,,0,0
3,6/16/25,6/22/25,42,,,,0,2,,2,2,,,0,0
3,6/16/25,6/22/25,43,0.75,1,1,16,5,0.88,2,2,,,1,1
3,6/16/25,6/22/25,44,0.67,0.88,0.87,0,8,0.82,0,2,,,1,1
3,6/16/25,6/22/25,45,,,,0,2,,2,2,,,0,0
3,6/16/25,6/22/25,46,1,1,1,0,2,1,2,2,,,1,0
3,6/16/25,6/22/25,47,,0.9,0.93,1,4,0.9,2,2,,,1,1
3,6/16/25,6/22/25,48,,0.82,0.3,1,5,0.82,2,2,,,1,1
3,6/16/25,6/22/25,49,1,0.89,1,4,8,0.9,2,2,,,1,1
3,6/16/25,6/22/25,50,,,,0,1,,2,2,,,0,0
3,6/16/25,6/22/25,51,1,0.99,1,10,10,0.99,2,2,,,1,0
3,6/16/25,6/22/25,52,0.93,0.93,1,17,10,0.93,2,2,,,1,1
3,6/16/25,6/22/25,53,1,0.98,0.97,3,7,0.99,2,2,,,1,1
3,6/16/25,6/22/25,54,0.6,0.8,0.87,6,10,0.78,2,2,,,1,1
3,6/16/25,6/22/25,55,0.8,0.75,0.93,0,9,0.76,2,2,,,1,1
3,6/16/25,6/22/25,56,,0.94,1,0,6,0.94,2,2,,,1,0
3,6/16/25,6/22/25,57,,,,0,2,,0,2,,,0,0
3,6/16/25,6/22/25,58,0.5,0.95,0.97,6,6,0.8,2,2,,,1,1
3,6/16/25,6/22/25,59,,0.88,0.87,0,5,0.88,2,2,,,1,1
3,6/16/25,6/22/25,60,0.5,0.71,0.8,1,7,0.68,2,2,,,1,1
3,6/16/25,6/22/25,61,,0.47,0.7,3,5,0.47,2,2,,,1,1
3,6/16/25,6/22/25,62,1,,1,0,2,1,2,2,,,1,1
3,6/16/25,6/22/25,63,,1,1,0,4,1,2,2,,,1,1
3,6/16/25,6/22/25,64,,,,0,3,,2,2,,,0,0
3,6/16/25,6/22/25,65,,0.85,0.87,0,4,0.85,2,2,,,1,1
3,6/16/25,6/22/25,66,,1,1,1,6,1,2,2,,,0.5,1
3,6/16/25,6/22/25,67,0.48,1,0.2,2,7,0.56,2,2,,,1,1
3,6/16/25,6/22/25,68,,0.97,0.9,0,5,0.97,2,2,,,0.67,1
3,6/16/25,6/22/25,69,0.9,0.71,0.8,2,7,0.77,2,2,,,1,1
3,6/16/25,6/22/25,70,0.64,0.75,1,9,6,0.68,1,2,,,0,1
3,6/16/25,6/22/25,71,0.67,1,0.4,1,4,0.78,2,2,,,1,1
3,6/16/25,6/22/25,72,0.47,0.4,0.2,2,9,0.44,2,2,,,0,1
3,6/16/25,6/22/25,73,0.73,1,0.93,2,8,0.87,2,2,,,1,1
3,6/16/25,6/22/25,74,,,1,0,3,,2,2,,,1,0
3,6/16/25,6/22/25,75,,1,1,0,5,1,2,2,,,1,0
3,6/16/25,6/22/25,76,0.77,0.8,0.93,0,10,0.79,2,2,,,0.67,1
3,6/16/25,6/22/25,77,,0.95,0.87,0,4,0.95,1,2,,,1,1
3,6/16/25,6/22/25,78,0.95,0.9,0.83,4,11,0.92,2,2,,,1,1
3,6/16/25,6/22/25,79,1,0.96,0.87,4,6,0.97,2,2,,,1,1
3,6/16/25,6/22/25,80,,,,0,8,,2,2,,,0,0
3,6/16/25,6/22/25,81,0.67,1,1,0,7,0.93,2,2,,,1,0
3,6/16/25,6/22/25,82,,1,,0,3,1,2,2,,,0,0
3,6/16/25,6/22/25,83,,1,1,0,4,1,2,2,,,1,1
3,6/16/25,6/22/25,84,1,1,0.4,2,2,1,2,2,,,1,1
3,6/16/25,6/22/25,85,0.71,0.76,0.93,14,10,0.74,2,2,,,1,1
3,6/16/25,6/22/25,86,,1,1,0,4,1,2,2,,,1,0
3,6/16/25,6/22/25,87,0.81,0.76,0.9,2,10,0.77,2,2,,,1,1
3,6/16/25,6/22/25,88,0.87,0.95,1,9,12,0.92,2,2,,,1,1
3,6/16/25,6/22/25,89,,,,0,2,,2,2,,,0,0
3,6/16/25,6/22/25,90,0.83,1,0.3,0,2,0.92,2,2,,,1,1
3,6/16/25,6/22/25,91,,1,1,0,2,1,2,2,,,1,0
3,6/16/25,6/22/25,92,0.61,0.65,0.67,10,13,0.64,2,2,,,1,1
3,6/16/25,6/22/25,93,,1,1,0,4,1,2,2,,,1,0
3,6/16/25,6/22/25,94,1,1,0.67,3,11,1,2,2,,,1,1
3,6/16/25,6/22/25,95,0.63,0.84,0.8,2,11,0.75,2,2,,,0.67,1
3,6/16/25,6/22/25,96,1,0.92,1,4,12,0.95,2,2,,,0.67,1
3,6/16/25,6/22/25,97,1,1,0.4,0,2,1,2,2,,,1,1
3,6/16/25,6/22/25,98,0.77,0.7,0.9,0,10,0.75,2,2,,,1,1
3,6/16/25,6/22/25,99,,0.97,0.7,4,6,0.97,2,2,,,0.5,1
3,6/16/25,6/22/25,100,0.67,,,0,6,0.67,2,2,,,0,0
3,6/16/25,6/22/25,101,,0.96,0.87,3,6,0.96,2,2,,,1,1
3,6/16/25,6/22/25,102,0.83,1,0.8,4,7,0.94,2,2,,,1,1
3,6/16/25,6/22/25,103,0.2,0.84,0.95,3,7,0.73,2,2,,,1,0
3,6/16/25,6/22/25,104,,0.73,0.73,0,6,0.73,2,2,,,1,1
3,6/16/25,6/22/25,105,,1,1,0,4,1,2,2,,,1,1
3,6/16/25,6/22/25,106,,,,0,0,,0,2,,,0,0
3,6/16/25,6/22/25,107,0.31,0.41,0.33,7,11,0.38,2,2,,,1,1
3,6/16/25,6/22/25,108,,,,0,1,,2,2,,,0,0
3,6/16/25,6/22/25,109,,0.96,0.9,5,5,0.96,2,2,,,1,0
3,6/16/25,6/22/25,110,,0.82,0.7,4,5,0.82,2,2,,,1,1
3,6/16/25,6/22/25,111,0.8,0.76,0.7,4,12,0.7,2,2,,,1,1
3,6/16/25,6/22/25,112,,0.86,1,0,6,0.86,2,2,,,1,1
3,6/16/25,6/22/25,113,0.67,1,1,2,2,0.83,2,2,,,1,1
3,6/16/25,6/22/25,114,,0.88,0.95,0,4,0.88,2,2,,,1,0
3,6/16/25,6/22/25,115,,,1,17,3,,2,2,,,1,0
3,6/16/25,6/22/25,116,,1,1,2,4,1,2,2,,,0.5,0
3,6/16/25,6/22/25,117,0.6,0.8,0.8,8,10,0.78,2,2,,,0.5,1
3,6/16/25,6/22/25,118,0.81,0.92,0.95,10,11,0.87,2,2,,,1,1
3,6/16/25,6/22/25,119,0.83,0.95,1,6,8,0.93,2,2,,,1,0
3,6/16/25,6/22/25,120,,1,,10,5,1,2,2,,,0,0
3,6/16/25,6/22/25,121,0.61,1,0.1,1,4,0.71,2,2,,,1,1
3,6/16/25,6/22/25,122,,1,1,0,3,1,2,2,,,1,0
3,6/16/25,6/22/25,123,0.46,0.93,0.57,0,7,0.72,2,2,,,1,1
3,6/16/25,6/22/25,124,,,,0,2,,2,2,,,0,0
3,6/16/25,6/22/25,125,,0.95,1,2,3,0.95,2,2,,,1,1
3,6/16/25,6/22/25,126,,,,0,2,,2,2,,,0,0
3,6/16/25,6/22/25,127,,1,1,0,4,1,2,2,,,1,0
3,6/16/25,6/22/25,128,,1,,0,3,1,2,2,,,0,0
3,6/16/25,6/22/25,129,0.71,0.77,0.53,3,14,0.74,2,2,,,0.67,1
3,6/16/25,6/22/25,130,,,,0,6,,2,2,,,0,0
3,6/16/25,6/22/25,131,,,,0,3,,2,2,,,0,0
3,6/16/25,6/22/25,132,0.64,0.75,0.77,7,10,0.71,2,2,,,1,1
3,6/16/25,6/22/25,133,0.63,0.9,0.5,0,7,0.81,2,2,,,0.5,1
3,6/16/25,6/22/25,134,,,,0,2,,2,2,,,0,0
3,6/16/25,6/22/25,135,1,1,1,0,5,1,2,2,,,0.67,0
3,6/16/25,6/22/25,136,,1,1,0,3,1,2,2,,,1,0
3,6/16/25,6/22/25,137,,0.97,0.9,0,4,0.97,2,2,,,1,0
3,6/16/25,6/22/25,138,0.54,0.5,0.4,1,4,0.52,2,2,,,1,1
3,6/16/25,6/22/25,139,0.73,0.73,0.73,3,15,0.73,2,2,,,0.67,1
3,6/16/25,6/22/25,140,,0.75,0.5,0,4,0.75,2,2,,,1,0
3,6/16/25,6/22/25,141,,0.7,0,0,3,0.7,2,2,,,1,0
3,6/16/25,6/22/25,142,1,0.77,0.6,5,10,0.8,2,2,,,1,1
3,6/16/25,6/22/25,143,0.18,0.87,1,9,7,0.59,2,2,,,1,0
3,6/16/25,6/22/25,144,,0.95,0.93,0,4,0.95,2,2,,,1,1
3,6/16/25,6/22/25,145,,0.62,0.6,5,5,0.62,2,2,,,0,1
3,6/16/25,6/22/25,146,,0.94,1,3,6,0.94,2,2,,,1,0
3,6/16/25,6/22/25,147,,0.9,0.7,2,7,0.9,2,2,,,0.5,0
3,6/16/25,6/22/25,148,0.69,0.76,0.4,7,16,0.74,2,2,,,1,1
3,6/16/25,6/22/25,149,0.7,0.71,0.6,1,7,0.71,1,2,,,1,1
3,6/16/25,6/22/25,150,,1,0.6,0,4,1,2,2,,,0,1
4,6/23/25,6/29/25,1,1,1,0.99,0,4,1,2,2,,,1,1
4,6/23/25,6/29/25,2,1,0.91,1,5,10,0.93,2,2,,,0.5,1
4,6/23/25,6/29/25,3,0.67,0.91,0.94,0,4,0.85,2,2,,,1,0
4,6/23/25,6/29/25,4,,0.2,0.44,0,4,0.2,2,2,,,0.5,0
4,6/23/25,6/29/25,5,0.83,1,1,0,3,0.94,2,2,,,1,0
4,6/23/25,6/29/25,6,,0.5,0.5,0,3,0.5,2,2,,,1,0
4,6/23/25,6/29/25,7,0.55,0.87,0.7,0,5,0.74,2,2,,,1,1
4,6/23/25,6/29/25,8,,0.42,0.35,0,2,0.41,2,2,,,1,1
4,6/23/25,6/29/25,9,0.72,0.79,0.89,5,7,0.77,2,2,,,1,1
4,6/23/25,6/29/25,10,0.8,0.48,0.72,11,10,0.52,2,2,,,0,1
4,6/23/25,6/29/25,11,0.67,1,1,0,5,0.87,2,2,,,1,1
4,6/23/25,6/29/25,12,0.37,0.45,0.56,1,6,0.42,2,2,,,1,1
4,6/23/25,6/29/25,13,0.62,0.84,0.94,7,9,0.77,2,2,,,1,1
4,6/23/25,6/29/25,14,0.33,0.76,0.72,0,4,0.65,2,2,,,1,0
4,6/23/25,6/29/25,15,,1,1,0,2,1,2,2,,,1,0
4,6/23/25,6/29/25,16,0.9,0.75,0.89,3,10,0.78,2,2,,,1,1
4,6/23/25,6/29/25,17,,1,0.72,0,2,1,2,2,,,1,1
4,6/23/25,6/29/25,18,0.83,0.92,1,0,3,0.89,2,2,,,1,0
4,6/23/25,6/29/25,19,0.83,0.67,,0,2,0.75,0,2,,,0,0
4,6/23/25,6/29/25,20,,0.42,0,0,2,0.41,2,2,,,1,0
4,6/23/25,6/29/25,21,1,1,1,8,10,1,2,2,,,1,1
4,6/23/25,6/29/25,22,,0.17,0,0,2,0.17,2,2,,,1,0
4,6/23/25,6/29/25,23,,0.67,,0,3,0.67,2,2,,,0,0
4,6/23/25,6/29/25,24,0.83,0.91,0.94,0,4,0.89,2,2,,,1,0
4,6/23/25,6/29/25,25,1,0.69,0.8,0,5,0.75,2,2,,,1,1
4,6/23/25,6/29/25,26,0.6,0.7,0.57,5,6,0.69,2,2,,,1,1
4,6/23/25,6/29/25,27,,0.33,,0,1,0.33,2,2,,,0,0
4,6/23/25,6/29/25,28,,,,0,1,,2,2,,,0,0
4,6/23/25,6/29/25,29,,1,1,0,2,1,2,2,,,1,0
4,6/23/25,6/29/25,30,,1,1,0,1,1,2,2,,,1,1
4,6/23/25,6/29/25,31,1,1,1,7,8,1,2,2,,,1,1
4,6/23/25,6/29/25,32,0.65,0.46,0.39,4,8,0.51,2,2,,,1,1
4,6/23/25,6/29/25,33,,,,2,1,,2,2,,,0,0
4,6/23/25,6/29/25,34,1,1,1,4,6,1,2,2,,,1,0
4,6/23/25,6/29/25,35,0.83,0.87,0.91,0,4,0.86,2,2,,,1,1
4,6/23/25,6/29/25,36,1,0.89,1,0,4,0.92,2,2,,,1,0
4,6/23/25,6/29/25,37,0.8,1,,0,5,0.93,2,2,,,0,0
4,6/23/25,6/29/25,38,0.83,0.72,0.94,0,5,0.74,2,2,,,1,0
4,6/23/25,6/29/25,39,,1,1,0,1,1,2,2,,,1,0
4,6/23/25,6/29/25,40,,1,1,0,1,1,2,2,,,1,0
4,6/23/25,6/29/25,41,,,,0,0,,2,2,,,0,0
4,6/23/25,6/29/25,42,,,,0,0,,1,2,,,0,0
4,6/23/25,6/29/25,43,,1,0.98,0,1,1,2,2,,,1,1
4,6/23/25,6/29/25,44,0.86,1,0.97,0,7,0.92,1,2,,,1,1
4,6/23/25,6/29/25,45,,,,0,0,,2,2,,,0,0
4,6/23/25,6/29/25,46,,0.69,1,0,6,0.69,2,2,,,1,0
4,6/23/25,6/29/25,47,,1,0.96,1,4,1,2,2,,,1,1
4,6/23/25,6/29/25,48,0.33,0.31,0.39,0,4,0.32,2,2,,,1,1
4,6/23/25,6/29/25,49,0.8,0.94,0.97,3,5,0.89,2,2,,,1,1
4,6/23/25,6/29/25,50,,,,0,0,,2,2,,,0,0
4,6/23/25,6/29/25,51,,1,1,1,8,1,2,2,,,1,0
4,6/23/25,6/29/25,52,,1,1,0,1,1,2,2,,,1,0
4,6/23/25,6/29/25,53,1,1,0.96,0,4,1,2,2,,,1,1
4,6/23/25,6/29/25,54,0.56,0.75,0.88,10,8,0.65,2,2,,,1,1
4,6/23/25,6/29/25,55,0.83,0.87,0.89,0,4,0.86,2,2,,,1,0
4,6/23/25,6/29/25,56,,,,0,0,,0,2,,,0,0
4,6/23/25,6/29/25,57,,,,0,2,,0,2,,,0,0
4,6/23/25,6/29/25,58,0.5,1,1,8,8,0.88,2,2,,,1,1
4,6/23/25,6/29/25,59,0.67,0.91,0.94,0,4,0.85,2,2,,,1,0
4,6/23/25,6/29/25,60,0.67,0.74,0.74,0,4,0.72,2,2,,,1,1
4,6/23/25,6/29/25,61,0.83,0.81,0.79,0,4,0.82,2,2,,,1,1
4,6/23/25,6/29/25,62,,1,1,0,1,1,2,2,,,1,1
4,6/23/25,6/29/25,63,1,1,1,0,4,1,2,2,,,1,1
4,6/23/25,6/29/25,64,,,,0,3,,2,2,,,0,0
4,6/23/25,6/29/25,65,0.67,1,0.95,0,4,0.92,2,2,,,1,1
4,6/23/25,6/29/25,66,,,0.89,0,2,,2,2,,,0,1
4,6/23/25,6/29/25,67,,0.44,0.25,0,3,0.45,2,2,,,1,1
4,6/23/25,6/29/25,68,0.82,0.86,0.91,4,7,0.85,2,2,,,1,1
4,6/23/25,6/29/25,69,0.6,0.93,0.93,1,4,0.85,2,2,,,1,1
4,6/23/25,6/29/25,70,,1,,9,1,1,2,2,,,0,0
4,6/23/25,6/29/25,71,,0.56,0.37,1,3,0.56,2,2,,,1,1
4,6/23/25,6/29/25,72,,0.44,0.68,0,3,0.44,2,2,,,0,1
4,6/23/25,6/29/25,73,0.83,0.96,0.92,0,4,0.93,2,2,,,1,1
4,6/23/25,6/29/25,74,,0.92,1,0,2,0.92,2,2,,,1,0
4,6/23/25,6/29/25,75,,0.94,0.94,0,4,0.94,2,2,,,1,0
4,6/23/25,6/29/25,76,0.72,1,0.97,0,6,0.89,2,2,,,1,1
4,6/23/25,6/29/25,77,1,0.94,0.94,2,5,0.97,2,2,,,1,0
4,6/23/25,6/29/25,78,0.33,0.94,1,0,4,0.79,2,2,,,1,0
4,6/23/25,6/29/25,79,1,1,0.98,2,4,1,2,2,,,1,1
4,6/23/25,6/29/25,80,,,,0,1,,2,2,,,0,0
4,6/23/25,6/29/25,81,1,0.92,0.82,0,3,0.94,2,2,,,1,1
4,6/23/25,6/29/25,82,,1,,0,5,1,2,2,,,0,0
4,6/23/25,6/29/25,83,1,0.99,1,7,11,0.99,2,2,,,1,0
4,6/23/25,6/29/25,84,1,0.57,0,4,5,0.65,2,2,,,1,0
4,6/23/25,6/29/25,85,0.83,0.93,0.82,0,4,0.9,2,2,,,1,1
4,6/23/25,6/29/25,86,1,0.94,1,0,4,0.96,2,2,,,1,0
4,6/23/25,6/29/25,87,0.83,0.99,0.96,0,5,0.96,2,2,,,1,1
4,6/23/25,6/29/25,88,0.67,1,0.97,0,4,0.92,2,2,,,1,1
4,6/23/25,6/29/25,89,,,,0,0,,2,2,,,0,0
4,6/23/25,6/29/25,90,0.4,0.55,0.65,6,5,0.52,2,2,,,1,1
4,6/23/25,6/29/25,91,,0.92,1,5,2,0.92,2,2,,,1,0
4,6/23/25,6/29/25,92,1,1,0.74,3,4,1,2,2,,,1,1
4,6/23/25,6/29/25,93,,0.91,1,0,4,0.91,2,2,,,1,0
4,6/23/25,6/29/25,94,,0.7,0.5,4,8,0.7,2,2,,,1,0
4,6/23/25,6/29/25,95,0.33,0.85,0.86,1,6,0.77,2,2,,,1,1
4,6/23/25,6/29/25,96,0.83,0.91,1,0,6,0.9,2,2,,,1,1
4,6/23/25,6/29/25,97,,0.6,0.53,4,3,0.6,2,2,,,1,1
4,6/23/25,6/29/25,98,,0.92,1,0,2,0.92,2,2,,,1,0
4,6/23/25,6/29/25,99,1,0.96,0.89,0,5,0.97,2,2,,,0.5,0
4,6/23/25,6/29/25,100,1,,,0,1,1,2,2,,,0,0
4,6/23/25,6/29/25,101,0.83,1,0.98,0,4,0.96,2,2,,,1,1
4,6/23/25,6/29/25,102,0.83,1,0.98,0,4,0.96,2,2,,,1,1
4,6/23/25,6/29/25,103,,1,1,0,4,1,2,2,,,1,0
4,6/23/25,6/29/25,104,0.6,0.47,0.55,0,5,0.49,2,2,,,1,1
4,6/23/25,6/29/25,105,1,1,0.92,0,4,1,2,2,,,1,1
4,6/23/25,6/29/25,106,,,,0,0,,0,2,,,0,0
4,6/23/25,6/29/25,107,0.5,0.42,0.4,3,7,0.45,2,2,,,1,1
4,6/23/25,6/29/25,108,,,,0,0,,1,2,,,0,0
4,6/23/25,6/29/25,109,,1,1,0,4,1,2,2,,,1,0
4,6/23/25,6/29/25,110,,0.75,1,0,2,0.75,2,2,,,1,0
4,6/23/25,6/29/25,111,,1,1,0,1,1,2,2,,,1,0
4,6/23/25,6/29/25,112,1,1,1,0,4,1,2,2,,,1,1
4,6/23/25,6/29/25,113,0.8,0.82,0.77,2,5,0.82,2,2,,,1,1
4,6/23/25,6/29/25,114,0.83,0.92,0.95,0,5,0.9,2,2,,,1,1
4,6/23/25,6/29/25,115,,0.75,1,0,2,0.75,2,2,,,1,0
4,6/23/25,6/29/25,116,,0.67,,0,3,0.67,2,2,,,0,0
4,6/23/25,6/29/25,117,1,0.69,1,20,8,0.74,2,2,,,0.5,1
4,6/23/25,6/29/25,118,0.67,0.78,0.66,2,3,0.74,2,2,,,1,1
4,6/23/25,6/29/25,119,0.67,1,,0,2,0.83,2,2,,,0,0
4,6/23/25,6/29/25,120,1,1,1,0,5,1,2,2,,,1,1
4,6/23/25,6/29/25,121,,0.43,0.19,0,3,0.42,2,2,,,1,1
4,6/23/25,6/29/25,122,,1,1,0,5,1,1,2,,,1,0
4,6/23/25,6/29/25,123,0.67,0.46,0.58,0,4,0.52,2,2,,,1,1
4,6/23/25,6/29/25,124,,,,0,3,,2,2,,,0,0
4,6/23/25,6/29/25,125,0.8,0.87,0.96,6,6,0.86,2,2,,,1,1
4,6/23/25,6/29/25,126,,,,0,0,,2,2,,,0,0
4,6/23/25,6/29/25,127,1,1,1,0,3,1,2,2,,,1,0
4,6/23/25,6/29/25,128,,,,0,3,,2,2,,,0,0
4,6/23/25,6/29/25,129,0.5,0.44,0.46,0,4,0.46,2,2,,,1,1
4,6/23/25,6/29/25,130,,,,0,3,,2,2,,,0,0
4,6/23/25,6/29/25,131,,,,1,0,,2,2,,,0,0
4,6/23/25,6/29/25,132,1,1,1,0,4,1,2,2,,,1,0
4,6/23/25,6/29/25,133,1,1,0.9,0,4,1,2,2,,,0.5,1
4,6/23/25,6/29/25,134,,,,0,2,,2,2,,,0,0
4,6/23/25,6/29/25,135,0.83,1,,3,5,0.94,2,2,,,0,0
4,6/23/25,6/29/25,136,1,1,1,0,4,1,2,2,,,1,0
4,6/23/25,6/29/25,137,,1,,0,1,1,1,2,,,0,0
4,6/23/25,6/29/25,138,,0.5,0.42,0,2,0.5,2,2,,,1,1
4,6/23/25,6/29/25,139,1,0.64,0.71,4,6,0.71,2,2,,,1,1
4,6/23/25,6/29/25,140,,0.61,0.5,0,3,0.61,1,2,,,1,0
4,6/23/25,6/29/25,141,,0.17,0.17,0,3,0.17,2,2,,,1,0
4,6/23/25,6/29/25,142,,1,0.9,0,1,1,2,2,,,1,1
4,6/23/25,6/29/25,143,,1,1,0,2,1,2,2,,,1,0
4,6/23/25,6/29/25,144,0.67,0.89,0.94,0,5,0.84,2,2,,,1,0
4,6/23/25,6/29/25,145,,,,0,0,,2,2,,,0,0
4,6/23/25,6/29/25,146,0.67,1,1,1,5,0.89,2,2,,,1,0
4,6/23/25,6/29/25,147,0.5,0.86,0.89,0,4,0.74,2,2,,,0.5,0
4,6/23/25,6/29/25,148,0.67,0.59,0.63,0,4,0.61,2,2,,,1,1
4,6/23/25,6/29/25,149,1,0.91,0.94,0,4,0.93,2,2,,,1,1
4,6/23/25,6/29/25,150,0.83,0.88,0.8,3,4,0.86,2,2,,,0,1
5,6/30/25,7/6/25,1,,,,0,0,,,,,,0,0
5,6/30/25,7/6/25,2,,,,0,0,,,,,,0,0
5,6/30/25,7/6/25,3,,,,0,0,,,,,,0,0
5,6/30/25,7/6/25,4,,0.23,,4,3,0.23,,,,,0,0
5,6/30/25,7/6/25,5,,0.28,,4,1,0.28,,,,,0,0
5,6/30/25,7/6/25,6,,0.29,,3,3,0.29,,,,,0,0
5,6/30/25,7/6/25,7,0.43,0.44,,3,5,0.44,,,,,0,0
5,6/30/25,7/6/25,8,,,,0,0,,,,,,0,0
5,6/30/25,7/6/25,9,,0.44,,1,1,0.44,,,,,0,0
5,6/30/25,7/6/25,10,,,,24,0,,,,,,0,0
5,6/30/25,7/6/25,11,0.64,0.38,,0,15,0.56,,,,,0,0
5,6/30/25,7/6/25,12,0.51,0.56,,4,6,0.53,,,,,0,0
5,6/30/25,7/6/25,13,,0.9,,1,1,0.9,,,,,0,0
5,6/30/25,7/6/25,14,,,,0,1,,,,,,0,0
5,6/30/25,7/6/25,15,,,,0,0,,,,,,0,0
5,6/30/25,7/6/25,16,,0.47,,1,1,0.47,,,,,0,0
5,6/30/25,7/6/25,17,,,,0,0,,,,,,0,0
5,6/30/25,7/6/25,18,0.41,0.8,,0,4,0.51,,,,,0,0
5,6/30/25,7/6/25,19,,,,0,0,,,,,,0,0
5,6/30/25,7/6/25,20,,,,0,0,,,,,,0,0
5,6/30/25,7/6/25,21,,,,1,0,,,,,,0,0
5,6/30/25,7/6/25,22,,,,0,0,,,,,,0,0
5,6/30/25,7/6/25,23,,,,0,0,,,,,,0,0
5,6/30/25,7/6/25,24,,,,0,0,,,,,,0,0
5,6/30/25,7/6/25,25,,,,3,0,,,,,,0,0
5,6/30/25,7/6/25,26,,0.8,,0,2,0.8,,,,,0,0
5,6/30/25,7/6/25,27,0.39,,,3,5,0.39,,,,,0,0
5,6/30/25,7/6/25,28,,,,0,0,,,,,,0,0
5,6/30/25,7/6/25,29,,0.15,,3,1,0.15,,,,,0,0
5,6/30/25,7/6/25,30,,,,0,0,,,,,,0,0
5,6/30/25,7/6/25,31,,0.47,,0,1,0.47,,,,,0,0
5,6/30/25,7/6/25,32,,,,0,0,,,,,,0,0
5,6/30/25,7/6/25,33,,,,0,0,,,,,,0,0
5,6/30/25,7/6/25,34,,,,0,0,,,,,,0,0
5,6/30/25,7/6/25,35,,,,4,0,,,,,,0,0
5,6/30/25,7/6/25,36,0.8,0.7,,6,5,0.75,,,,,0,0
5,6/30/25,7/6/25,37,,,,1,0,,,,,,0,0
5,6/30/25,7/6/25,38,,,,0,0,,,,,,0,0
5,6/30/25,7/6/25,39,0.6,0.24,,7,8,0.48,,,,,0,0
5,6/30/25,7/6/25,40,,0.42,,0,2,0.42,,,,,0,0
5,6/30/25,7/6/25,41,,,,0,0,,,,,,0,0
5,6/30/25,7/6/25,42,,,,0,0,,,,,,0,0
5,6/30/25,7/6/25,43,,,,0,0,,,,,,0,0
5,6/30/25,7/6/25,44,,,,0,0,,,,,,0,0
5,6/30/25,7/6/25,45,,,,0,0,,,,,,0,0
5,6/30/25,7/6/25,46,,,,0,0,,,,,,0,0
5,6/30/25,7/6/25,47,,0.51,,3,2,0.51,,,,,0,0
5,6/30/25,7/6/25,48,,,,1,0,,,,,,0,0
5,6/30/25,7/6/25,49,,0.56,,1,2,0.56,,,,,0,0
5,6/30/25,7/6/25,50,,,,0,0,,,,,,0,0
5,6/30/25,7/6/25,51,1,0.73,,2,3,0.82,,,,,0,0
5,6/30/25,7/6/25,52,,0.28,,1,2,0.28,,,,,0,0
5,6/30/25,7/6/25,53,1,0.87,,2,8,0.88,,,,,0,0
5,6/30/25,7/6/25,54,,0.48,,5,1,0.48,,,,,0,0
5,6/30/25,7/6/25,55,,,,0,0,,,,,,0,0
5,6/30/25,7/6/25,56,,,,0,0,,,,,,0,0
5,6/30/25,7/6/25,57,,,,0,0,,,,,,0,0
5,6/30/25,7/6/25,58,,,,0,0,,,,,,0,0
5,6/30/25,7/6/25,59,0.8,0.6,,7,4,0.7,,,,,0,0
5,6/30/25,7/6/25,60,,0.46,,8,5,1.35,,,,,0,0
5,6/30/25,7/6/25,61,0.4,,,7,1,0.4,,,,,0,0
5,6/30/25,7/6/25,62,,,,0,0,,,,,,0,0
5,6/30/25,7/6/25,63,1,0.98,,11,10,0.98,,,,,0,0
5,6/30/25,7/6/25,64,,,,0,0,,,,,,0,0
5,6/30/25,7/6/25,65,,,,0,0,,,,,,0,0
5,6/30/25,7/6/25,66,0.8,0.63,,3,2,0.71,,,,,0,0
5,6/30/25,7/6/25,67,,0.39,,3,3,0.39,,,,,0,0
5,6/30/25,7/6/25,68,,,,0,0,,,,,,0,0
5,6/30/25,7/6/25,69,,,,0,0,,,,,,0,0
5,6/30/25,7/6/25,70,,,,0,0,,,,,,0,0
5,6/30/25,7/6/25,71,,0.55,,0,2,0.56,,,,,0,0
5,6/30/25,7/6/25,72,0.38,0.4,,8,7,0.38,,,,,0,0
5,6/30/25,7/6/25,73,0.8,0.85,,10,7,0.84,,,,,0,0
5,6/30/25,7/6/25,74,,,,0,0,,,,,,0,0
5,6/30/25,7/6/25,75,,,,0,0,,,,,,0,0
5,6/30/25,7/6/25,76,0.35,0.61,,0,14,0.51,,,,,0,0
5,6/30/25,7/6/25,77,,0.53,,0,1,0.53,,,,,0,0
5,6/30/25,7/6/25,78,,,,1,0,,,,,,0,0
5,6/30/25,7/6/25,79,1,,,0,3,1,,,,,0,0
5,6/30/25,7/6/25,80,,,,0,0,,,,,,0,0
5,6/30/25,7/6/25,81,0.6,0.32,,2,4,0.41,,,,,0,0
5,6/30/25,7/6/25,82,,,,0,0,,,,,,0,0
5,6/30/25,7/6/25,83,,,,0,0,,,,,,0,0
5,6/30/25,7/6/25,84,,,,0,0,,,,,,0,0
5,6/30/25,7/6/25,85,0.8,0.6,,8,5,0.64,,,,,0,0
5,6/30/25,7/6/25,86,,,,0,0,,,,,,0,0
5,6/30/25,7/6/25,87,0.8,,,0,1,0.8,,,,,0,0
5,6/30/25,7/6/25,88,,,,0,0,,,,,,0,0
5,6/30/25,7/6/25,89,0.83,0.25,,5,5,0.4,,,,,0,0
5,6/30/25,7/6/25,90,,1,,9,1,1,,,,,0,0
5,6/30/25,7/6/25,91,,,,0,0,,,,,,0,0
5,6/30/25,7/6/25,92,,0.47,,4,2,0.47,,,,,0,0
5,6/30/25,7/6/25,93,,0.85,,0,3,0.85,,,,,0,0
5,6/30/25,7/6/25,94,,0.56,,1,1,0.56,,,,,0,0
5,6/30/25,7/6/25,95,,,,0,0,,,,,,0,0
5,6/30/25,7/6/25,96,1,1,,10,7,1,,,,,0,0
5,6/30/25,7/6/25,97,0.6,0.77,,5,4,0.72,,,,,0,0
5,6/30/25,7/6/25,98,0.9,0.65,,0,3,0.82,,,,,0,0
5,6/30/25,7/6/25,99,0.43,0.68,,1,2,0.56,,,,,0,0
5,6/30/25,7/6/25,100,0.67,0.6,,0,2,0.64,,,,,0,0
5,6/30/25,7/6/25,101,0.68,0.65,,7,11,0.67,,,,,0,0
5,6/30/25,7/6/25,102,0.72,0.69,,15,8,0.7,,,,,0,0
5,6/30/25,7/6/25,103,,0.25,,0,5,0.25,,,,,0,0
5,6/30/25,7/6/25,104,,,,0,0,,,,,,0,0
5,6/30/25,7/6/25,105,1,0.95,,6,5,0.96,,,,,0,0
5,6/30/25,7/6/25,106,,,,0,0,,,,,,0,0
5,6/30/25,7/6/25,107,,,,1,0,,,,,,0,0
5,6/30/25,7/6/25,108,,,,0,0,,,,,,0,0
5,6/30/25,7/6/25,109,,0,,0,3,0,,,,,0,0
5,6/30/25,7/6/25,110,0.8,0.3,,3,7,0.38,,,,,0,0
5,6/30/25,7/6/25,111,0.5,,,0,2,0.5,,,,,0,0
5,6/30/25,7/6/25,112,,0.5,,0,2,0.5,,,,,0,0
5,6/30/25,7/6/25,113,0.8,0.47,,14,9,0.54,,,,,0,0
5,6/30/25,7/6/25,114,,,,0,0,,,,,,0,0
5,6/30/25,7/6/25,115,,,,0,0,,,,,,0,0
5,6/30/25,7/6/25,116,,,,0,0,,,,,,0,0
5,6/30/25,7/6/25,117,0.4,0.5,,0,5,0.47,,,,,0,0
5,6/30/25,7/6/25,118,0.7,0.53,,9,6,0.59,,,,,0,0
5,6/30/25,7/6/25,119,,,,0,0,,,,,,0,0
5,6/30/25,7/6/25,120,,,,0,0,,,,,,0,0
5,6/30/25,7/6/25,121,0.6,0.3,,10,4,0.38,,,,,0,0
5,6/30/25,7/6/25,122,,,,0,0,,,,,,0,0
5,6/30/25,7/6/25,123,0.67,0.4,,0,2,0.54,,,,,0,0
5,6/30/25,7/6/25,124,0.58,0.73,,0,5,1.75,,,,,0,0
5,6/30/25,7/6/25,125,,,,0,0,,,,,,0,0
5,6/30/25,7/6/25,126,,0.35,,0,1,0.35,,,,,0,0
5,6/30/25,7/6/25,127,,,,0,0,,,,,,0,0
5,6/30/25,7/6/25,128,,,,0,0,,,,,,0,0
5,6/30/25,7/6/25,129,0.8,0.6,,3,2,0.7,,,,,0,0
5,6/30/25,7/6/25,130,,,,0,0,,,,,,0,0
5,6/30/25,7/6/25,131,,0.44,,0,1,0.44,,,,,0,0
5,6/30/25,7/6/25,132,,,,0,0,,,,,,0,0
5,6/30/25,7/6/25,133,0.55,0.47,,2,7,0.51,,,,,0,0
5,6/30/25,7/6/25,134,,,,0,0,,,,,,0,0
5,6/30/25,7/6/25,135,1,,,0,7,1,,,,,0,0
5,6/30/25,7/6/25,136,,,,0,0,,,,,,0,0
5,6/30/25,7/6/25,137,,,,0,0,,,,,,0,0
5,6/30/25,7/6/25,138,0.53,0.5,,1,5,0.53,,,,,0,0
5,6/30/25,7/6/25,139,,,,0,0,,,,,,0,0
5,6/30/25,7/6/25,140,,,,0,0,,,,,,0,0
5,6/30/25,7/6/25,141,,,,0,0,,,,,,0,0
5,6/30/25,7/6/25,142,,,,0,0,,,,,,0,0
5,6/30/25,7/6/25,143,,0.43,,0,2,0.43,,,,,0,0
5,6/30/25,7/6/25,144,0.73,,,0,2,0.73,,,,,0,0
5,6/30/25,7/6/25,145,,,,0,0,,,,,,0,0
5,6/30/25,7/6/25,146,,0.31,,0,1,0.31,,,,,0,0
5,6/30/25,7/6/25,147,,,,0,0,,,,,,0,0
5,6/30/25,7/6/25,148,0.42,0.67,,4,22,0.58,,,,,0,0
5,6/30/25,7/6/25,149,0.62,0.8,,10,9,0.7,,,,,0,0
5,6/30/25,7/6/25,150,,,,0,0,,,,,,0,0
6,7/7/25,7/13/25,1,,1,,0,3,1,,,,,0,0
6,7/7/25,7/13/25,2,,,,0,0,,,,,,0,0
6,7/7/25,7/13/25,3,,,,0,0,,,,,,0,0
6,7/7/25,7/13/25,4,0,0,,0,3,0,,,,,0,0
6,7/7/25,7/13/25,5,0.9,1,,0,6,0.96,,,,,0,0
6,7/7/25,7/13/25,6,0.4,0.5,,0,9,0.45,,,,,0,0
6,7/7/25,7/13/25,7,0.71,0.88,,17,12,0.77,,,,,0,0
6,7/7/25,7/13/25,8,0.7,1,,1,6,0.85,,,,,0,0
6,7/7/25,7/13/25,9,0.9,1,,0,5,0.96,,,,,0,0
6,7/7/25,7/13/25,10,0.69,0.85,,5,8,0.59,,,,,0,0
6,7/7/25,7/13/25,11,0.89,0.87,,0,19,0.88,,,,,0,0
6,7/7/25,7/13/25,12,0.5,0.67,,0,7,0.57,,,,,0,0
6,7/7/25,7/13/25,13,,1,,1,5,1,,,,,0,0
6,7/7/25,7/13/25,14,,,,3,0,,,,,,0,0
6,7/7/25,7/13/25,15,1,1,,0,5,1,,,,,0,0
6,7/7/25,7/13/25,16,0.7,0.67,,1,5,0.68,,,,,0,0
6,7/7/25,7/13/25,17,0.65,0.42,,6,8,0.51,,,,,0,0
6,7/7/25,7/13/25,18,0.33,,,0,1,0.33,,,,,0,0
6,7/7/25,7/13/25,19,0.78,0.67,,14,8,0.75,,,,,0,0
6,7/7/25,7/13/25,20,,1,,0,3,1,,,,,0,0
6,7/7/25,7/13/25,21,0.93,0.94,,7,10,0.93,,,,,0,0
6,7/7/25,7/13/25,22,0.2,0.25,,0,6,0.23,,,,,0,0
6,7/7/25,7/13/25,23,1,1,,0,5,1,,,,,0,0
6,7/7/25,7/13/25,24,1,1,,0,5,1,,,,,0,0
6,7/7/25,7/13/25,25,0.9,1,,0,6,0.96,,,,,0,0
6,7/7/25,7/13/25,26,0.89,0.91,,7,10,0.9,,,,,0,0
6,7/7/25,7/13/25,27,0.27,0.67,,3,8,0.44,,,,,0,0
6,7/7/25,7/13/25,28,,,,0,3,,,,,,0,0
6,7/7/25,7/13/25,29,,,,0,0,,,,,,0,0
6,7/7/25,7/13/25,30,1,1,,0,5,1,,,,,0,0
6,7/7/25,7/13/25,31,1,0.92,,1,8,0.96,,,,,0,0
6,7/7/25,7/13/25,32,0.58,0.67,,9,8,0.61,,,,,0,0
6,7/7/25,7/13/25,33,0.5,,,0,2,0.5,,,,,0,0
6,7/7/25,7/13/25,34,,1,,0,3,1,,,,,0,0
6,7/7/25,7/13/25,35,1,1,,0,6,1,,,,,0,0
6,7/7/25,7/13/25,36,0.86,0.9,,2,12,0.77,,,,,0,0
6,7/7/25,7/13/25,37,0.7,1,,0,5,0.88,,,,,0,0
6,7/7/25,7/13/25,38,0.9,1,,0,5,0.95,,,,,0,0
6,7/7/25,7/13/25,39,0.49,1,,1,7,0.66,,,,,0,0
6,7/7/25,7/13/25,40,,0.5,,0,4,0.5,,,,,0,0
6,7/7/25,7/13/25,41,,,,0,0,,,,,,0,0
6,7/7/25,7/13/25,42,,,,0,0,,,,,,0,0
6,7/7/25,7/13/25,43,1,0.96,,8,9,0.97,,,,,0,0
6,7/7/25,7/13/25,44,0.65,0.82,,6,13,0.73,,,,,0,0
6,7/7/25,7/13/25,45,,1,,0,3,1,,,,,0,0
6,7/7/25,7/13/25,46,1,0.75,,0,6,0.83,,,,,0,0
6,7/7/25,7/13/25,47,0.7,0.89,,4,11,0.82,,,,,0,0
6,7/7/25,7/13/25,48,,1,,0,1,1,,,,,0,0
6,7/7/25,7/13/25,49,0.9,1,,9,5,0.96,,,,,0,0
6,7/7/25,7/13/25,50,,,,0,7,,,,,,0,0
6,7/7/25,7/13/25,51,0.6,,,0,4,0.6,,,,,0,0
6,7/7/25,7/13/25,52,,0.5,,0,7,0.5,,,,,0,0
6,7/7/25,7/13/25,53,,1,,0,3,1,,,,,0,0
6,7/7/25,7/13/25,54,0.74,0.08,,5,16,0.53,,,,,0,0
6,7/7/25,7/13/25,55,0.9,1,,0,4,0.95,,,,,0,0
6,7/7/25,7/13/25,56,,,,0,0,,,,,,0,0
6,7/7/25,7/13/25,57,,,,0,3,,,,,,0,0
6,7/7/25,7/13/25,58,,1,,0,3,0.67,,,,,0,0
6,7/7/25,7/13/25,59,0.66,0.65,,0,12,0.65,,,,,0,0
6,7/7/25,7/13/25,60,0.66,0.68,,12,22,0.68,,,,,0,0
6,7/7/25,7/13/25,61,0.63,0.75,,9,14,0.68,,,,,0,0
6,7/7/25,7/13/25,62,1,1,,0,6,1,,,,,0,0
6,7/7/25,7/13/25,63,1,1,,0,4,1,,,,,0,0
6,7/7/25,7/13/25,64,,,,0,7,,,,,,0,0
6,7/7/25,7/13/25,65,0.93,0.33,,2,6,0.63,,,,,0,0
6,7/7/25,7/13/25,66,0.93,0.94,,7,9,0.94,,,,,0,0
6,7/7/25,7/13/25,67,0,0.33,,0,4,0.25,,,,,0,0
6,7/7/25,7/13/25,68,0.8,0.77,,10,8,0.78,,,,,0,0
6,7/7/25,7/13/25,69,0.88,0.98,,17,10,0.82,,,,,0,0
6,7/7/25,7/13/25,70,0.62,,,4,4,0.62,,,,,0,0
6,7/7/25,7/13/25,71,0.4,0.67,,1,5,0.56,,,,,0,0
6,7/7/25,7/13/25,72,0.75,,,0,5,0.75,,,,,0,0
6,7/7/25,7/13/25,73,0.84,0.81,,16,23,0.81,,,,,0,0
6,7/7/25,7/13/25,74,,,,0,3,,,,,,0,0
6,7/7/25,7/13/25,75,,1,,0,3,1,,,,,0,0
6,7/7/25,7/13/25,76,0.75,0.9,,9,9,0.81,,,,,0,0
6,7/7/25,7/13/25,77,0.93,0.5,,2,8,0.81,,,,,0,0
6,7/7/25,7/13/25,78,1,0.64,,12,8,0.77,,,,,0,0
6,7/7/25,7/13/25,79,1,1,,24,5,1,,,,,0,0
6,7/7/25,7/13/25,80,,1,,3,3,1,,,,,0,0
6,7/7/25,7/13/25,81,0.62,0.72,,1,5,0.68,,,,,0,0
6,7/7/25,7/13/25,82,,,,0,0,,,,,,0,0
6,7/7/25,7/13/25,83,,,,0,0,,,,,,0,0
6,7/7/25,7/13/25,84,,0.67,,0,4,0.67,,,,,0,0
6,7/7/25,7/13/25,85,1,1,,0,6,1,,,,,0,0
6,7/7/25,7/13/25,86,,,,0,0,,,,,,0,0
6,7/7/25,7/13/25,87,0.86,0.94,,8,11,0.9,,,,,0,0
6,7/7/25,7/13/25,88,0.88,0.97,,7,16,0.93,,,,,0,0
6,7/7/25,7/13/25,89,0.67,,,0,5,0.67,,,,,0,0
6,7/7/25,7/13/25,90,0.67,0.7,,7,10,0.79,,,,,0,0
6,7/7/25,7/13/25,91,0.79,0.75,,4,9,0.62,,,,,0,0
6,7/7/25,7/13/25,92,1,0.85,,10,8,0.9,,,,,0,0
6,7/7/25,7/13/25,93,1,1,,0,5,1,,,,,0,0
6,7/7/25,7/13/25,94,,1,,0,4,1,,,,,0,0
6,7/7/25,7/13/25,95,0.54,0.64,,9,14,0.6,,,,,0,0
6,7/7/25,7/13/25,96,0.97,1,,10,12,0.98,,,,,0,0
6,7/7/25,7/13/25,97,0.67,0.67,,2,12,0.67,,,,,0,0
6,7/7/25,7/13/25,98,0.83,0.67,,0,5,0.73,,,,,0,0
6,7/7/25,7/13/25,99,0.7,0.52,,4,25,0.66,,,,,0,0
6,7/7/25,7/13/25,100,,,,0,1,,,,,,0,0
6,7/7/25,7/13/25,101,0.75,0.88,,5,14,1.1,,,,,0,0
6,7/7/25,7/13/25,102,0.69,0.97,,7,13,0.78,,,,,0,0
6,7/7/25,7/13/25,103,,1,,15,4,1,,,,,0,0
6,7/7/25,7/13/25,104,0.7,0.67,,2,6,0.68,,,,,0,0
6,7/7/25,7/13/25,105,0.89,0.8,,12,14,0.84,,,,,0,0
6,7/7/25,7/13/25,106,,,,0,0,,,,,,0,0
6,7/7/25,7/13/25,107,0.8,0.5,,5,5,0.65,,,,,0,0
6,7/7/25,7/13/25,108,,0.32,,3,3,0.21,,,,,0,0
6,7/7/25,7/13/25,109,0.8,1,,0,5,0.92,,,,,0,0
6,7/7/25,7/13/25,110,,1,,0,3,1,,,,,0,0
6,7/7/25,7/13/25,111,0.73,0.85,,3,10,0.82,,,,,0,0
6,7/7/25,7/13/25,112,1,1,,1,6,1,,,,,0,0
6,7/7/25,7/13/25,113,0.7,0.7,,9,9,0.7,,,,,0,0
6,7/7/25,7/13/25,114,0.8,0.78,,0,3,0.79,,,,,0,0
6,7/7/25,7/13/25,115,,,,0,0,,,,,,0,0
6,7/7/25,7/13/25,116,0.5,0.75,,0,8,0.67,,,,,0,0
6,7/7/25,7/13/25,117,0.63,0.84,,26,12,0.77,,,,,0,0
6,7/7/25,7/13/25,118,0.8,0.97,,4,7,0.92,,,,,0,0
6,7/7/25,7/13/25,119,0.9,0.79,,0,6,0.83,,,,,0,0
6,7/7/25,7/13/25,120,1,,,0,2,1,,,,,0,0
6,7/7/25,7/13/25,121,,0.44,,2,1,0.44,,,,,0,0
6,7/7/25,7/13/25,122,,0.7,,0,3,0.7,,,,,0,0
6,7/7/25,7/13/25,123,0.6,0.6,,5,8,0.6,,,,,0,0
6,7/7/25,7/13/25,124,,0.63,,0,4,5.02,,,,,0,0
6,7/7/25,7/13/25,125,,,,0,0,,,,,,0,0
6,7/7/25,7/13/25,126,,,,0,7,,,,,,0,0
6,7/7/25,7/13/25,127,1,1,,0,5,1,,,,,0,0
6,7/7/25,7/13/25,128,0.9,0.67,,0,5,0.96,,,,,0,0
6,7/7/25,7/13/25,129,0.88,0.46,,13,13,0.63,,,,,0,0
6,7/7/25,7/13/25,130,,0.78,,0,7,0.78,,,,,0,0
6,7/7/25,7/13/25,131,,,,0,4,,,,,,0,0
6,7/7/25,7/13/25,132,1,1,,0,5,1,,,,,0,0
6,7/7/25,7/13/25,133,0.68,0.67,,0,12,0.68,,,,,0,0
6,7/7/25,7/13/25,134,,,,0,0,,,,,,0,0
6,7/7/25,7/13/25,135,1,1,,0,4,1,,,,,0,0
6,7/7/25,7/13/25,136,,1,,0,3,1,,,,,0,0
6,7/7/25,7/13/25,137,0.7,0,,0,5,0.28,,,,,0,0
6,7/7/25,7/13/25,138,0.86,0.84,,7,15,0.85,,,,,0,0
6,7/7/25,7/13/25,139,0.63,1,,0,6,0.71,,,,,0,0
6,7/7/25,7/13/25,140,1,1,,3,4,0.75,,,,,0,0
6,7/7/25,7/13/25,141,0.81,0,,3,10,0.49,,,,,0,0
6,7/7/25,7/13/25,142,0.7,0.81,,7,7,0.78,,,,,0,0
6,7/7/25,7/13/25,143,1,1,,0,5,1,,,,,0,0
6,7/7/25,7/13/25,144,0.93,,,0,2,0.93,,,,,0,0
6,7/7/25,7/13/25,145,0.81,0.76,,3,10,0.78,,,,,0,0
6,7/7/25,7/13/25,146,,1,,0,3,1,,,,,0,0
6,7/7/25,7/13/25,147,0.6,0.67,,0,5,0.65,,,,,0,0
6,7/7/25,7/13/25,148,0.69,0.66,,7,25,0.67,,,,,0,0
6,7/7/25,7/13/25,149,0.84,1,,6,9,0.88,,,,,0,0
6,7/7/25,7/13/25,150,,1,,0,3,1,,,,,0,0
7,7/14/25,7/20/25,1,,,0.98,0,0,,1,2,0,1,1,1
7,7/14/25,7/20/25,2,,,,3,0,,0,2,0,1,0,0
7,7/14/25,7/20/25,3,,,,0,0,,0,2,0,1,0,0
7,7/14/25,7/20/25,4,,,0,1,0,,2,2,0,1,1,0
7,7/14/25,7/20/25,5,0.72,0.31,1,4,8,0.42,2,2,1,1,1,0
7,7/14/25,7/20/25,6,,,0.5,0,0,,2,2,1,1,1,0
7,7/14/25,7/20/25,7,0.6,,0.88,0,7,0.6,2,2,1,1,1,1
7,7/14/25,7/20/25,8,,,0.85,0,0,,2,2,1,1,0.67,1
7,7/14/25,7/20/25,9,0.67,,0.93,6,1,0.67,2,2,1,1,1,1
7,7/14/25,7/20/25,10,0.67,0.62,0.85,5,15,0.57,2,2,1,1,0.5,1
7,7/14/25,7/20/25,11,0.68,,0.96,0,11,0.68,2,2,1,1,1,1
7,7/14/25,7/20/25,12,0.74,,0.61,0,5,0.74,2,2,1,1,1,1
7,7/14/25,7/20/25,13,,,0.96,4,0,,2,2,1,1,1,1
7,7/14/25,7/20/25,14,0.58,,,6,3,0.58,0,2,1,1,0,0
7,7/14/25,7/20/25,15,,,1,1,0,,2,2,0,1,1,0
7,7/14/25,7/20/25,16,0.82,0.78,0.69,3,4,0.81,2,2,1,1,1,1
7,7/14/25,7/20/25,17,,,0.42,0,0,,2,2,1,1,1,1
7,7/14/25,7/20/25,18,0.63,0.54,,0,7,0.61,0,2,0,1,0,0
7,7/14/25,7/20/25,19,,0.35,0.67,1,1,0.35,2,2,0,1,0,1
7,7/14/25,7/20/25,20,,0.45,1,0,1,0.45,1,2,0,1,0.33,0
7,7/14/25,7/20/25,21,,0.76,1,2,2,0.77,2,2,1,1,1,1
7,7/14/25,7/20/25,22,,,0,0,0,,2,2,1,1,1,0
7,7/14/25,7/20/25,23,,,1,0,0,,2,2,1,1,0.67,0
7,7/14/25,7/20/25,24,,,1,0,0,,2,2,1,1,1,0
7,7/14/25,7/20/25,25,0.48,0.5,0.9,29,10,0.49,2,2,1,1,0.67,1
7,7/14/25,7/20/25,26,,0,0.99,0,1,0,2,2,1,1,1,1
7,7/14/25,7/20/25,27,0.29,0.33,0.67,6,5,0.3,1,2,0,1,1,0
7,7/14/25,7/20/25,28,,0.35,,0,3,0.35,1,2,0,1,0,0
7,7/14/25,7/20/25,29,,,,0,0,,0,2,1,1,0,0
7,7/14/25,7/20/25,30,,,1,0,0,,2,2,0,1,0.67,1
7,7/14/25,7/20/25,31,1,0.88,1,7,5,0.93,2,2,1,1,0.67,1
7,7/14/25,7/20/25,32,,,0.67,1,1,,2,2,1,1,1,0
7,7/14/25,7/20/25,33,0.67,,,20,2,0.67,2,2,0,1,0,0
7,7/14/25,7/20/25,34,,,1,0,0,,1,2,0,1,0.67,0
7,7/14/25,7/20/25,35,,0.93,1,6,3,0.93,2,2,0,1,0.67,1
7,7/14/25,7/20/25,36,0.9,0.4,1,0,4,0.65,2,2,1,1,0.33,0
7,7/14/25,7/20/25,37,,,0.95,0,0,,2,2,0,1,1,1
7,7/14/25,7/20/25,38,,,1,0,0,,2,2,1,1,1,0
7,7/14/25,7/20/25,39,,,1,0,0,,2,2,1,1,1,0
7,7/14/25,7/20/25,40,,0.6,0.5,3,1,0.6,2,2,1,1,1,0
7,7/14/25,7/20/25,41,,0.23,,0,3,0.23,1,2,0,1,0,0
7,7/14/25,7/20/25,42,,,,0,0,,0,2,1,1,0,0
7,7/14/25,7/20/25,43,,,,0,0,,1,2,0,1,0,0
7,7/14/25,7/20/25,44,,,0.74,5,0,,2,2,1,1,1,1
7,7/14/25,7/20/25,45,,,1,0,0,,1,2,0,1,0.33,0
7,7/14/25,7/20/25,46,,,1,0,0,,2,2,1,1,1,0
7,7/14/25,7/20/25,47,0.64,0.88,1,12,8,0.77,2,2,0,1,1,0
7,7/14/25,7/20/25,48,,,1,0,0,,1,2,1,1,1,0
7,7/14/25,7/20/25,49,0.7,,0.98,1,3,0.7,2,2,1,1,1,1
7,7/14/25,7/20/25,50,,,,0,0,,2,2,0,1,0,0
7,7/14/25,7/20/25,51,,,,10,2,,2,2,0,1,0,0
7,7/14/25,7/20/25,52,,,1,0,0,,2,2,1,1,0.67,0
7,7/14/25,7/20/25,53,0.96,0.96,1,14,7,0.96,1,2,0,1,1,1
7,7/14/25,7/20/25,54,0.61,0.6,0.12,9,15,0.61,2,2,1,1,1,1
7,7/14/25,7/20/25,55,,0.56,1,4,2,0.56,2,2,1,1,1,0
7,7/14/25,7/20/25,56,,,,0,0,,0,2,0,1,0,0
7,7/14/25,7/20/25,57,,,,5,0,,1,2,1,1,0,0
7,7/14/25,7/20/25,58,1,0.49,1,10,7,0.71,1,2,1,1,1,1
7,7/14/25,7/20/25,59,0.56,0.39,0.65,11,11,0.51,2,2,1,1,1,1
7,7/14/25,7/20/25,60,0.56,0.69,0.89,9,15,0.63,2,2,0,1,1,1
7,7/14/25,7/20/25,61,,,0.81,1,0,,2,2,1,1,0,1
7,7/14/25,7/20/25,62,,1,1,25,3,1,2,2,1,1,1,0
7,7/14/25,7/20/25,63,,,1,0,0,,2,2,1,1,0,1
7,7/14/25,7/20/25,64,,0.75,,0,2,0.75,2,2,0,1,0,0
7,7/14/25,7/20/25,65,,,0.48,0,0,,2,2,1,1,1,1
7,7/14/25,7/20/25,66,,0.87,0.95,3,2,0.86,2,2,1,1,1,1
7,7/14/25,7/20/25,67,,,0.39,0,0,,2,2,1,1,1,1
7,7/14/25,7/20/25,68,0.93,0.92,0.96,2,4,0.93,2,2,0,1,0.67,1
7,7/14/25,7/20/25,69,,,0.98,0,0,,2,2,1,1,1,1
7,7/14/25,7/20/25,70,,,,0,0,,0,2,0,1,0,0
7,7/14/25,7/20/25,71,0.2,0.55,0.52,9,3,0.43,2,2,1,1,1,1
7,7/14/25,7/20/25,72,0.57,,,0,5,0.57,2,2,1,1,0,0
7,7/14/25,7/20/25,73,,0.54,0.96,5,3,0.54,1,2,0,1,1,1
7,7/14/25,7/20/25,74,,,,171,3,,1,2,0,1,0,0
7,7/14/25,7/20/25,75,,,1,0,0,,1,2,0,1,1,0
7,7/14/25,7/20/25,76,,,0.9,2,1,,2,2,0,1,1,1
7,7/14/25,7/20/25,77,,,,0,0,,1,2,1,1,0,0
7,7/14/25,7/20/25,78,0.56,0.67,0.65,0,7,0.57,2,2,1,1,1,1
7,7/14/25,7/20/25,79,,,1,0,0,,1,2,0,1,1,1
7,7/14/25,7/20/25,80,,,,0,0,,1,2,0,1,0,0
7,7/14/25,7/20/25,81,0.83,,1,0,1,0.83,1,2,0,1,1,0
7,7/14/25,7/20/25,82,,,,0,0,,1,2,0,1,0,0
7,7/14/25,7/20/25,83,,,,0,0,,0,2,0,1,0,0
7,7/14/25,7/20/25,84,,,1,0,0,,1,2,0,1,0.67,0
7,7/14/25,7/20/25,85,,,0.96,0,0,,2,2,1,1,1,1
7,7/14/25,7/20/25,86,,,,0,0,,0,2,1,1,0,0
7,7/14/25,7/20/25,87,0.87,,0.94,0,6,0.87,2,2,1,1,1,1
7,7/14/25,7/20/25,88,,,1,0,0,,2,2,1,1,0.67,1
7,7/14/25,7/20/25,89,,1,,0,3,1,1,2,0,1,0,0
7,7/14/25,7/20/25,90,,,0.7,5,0,,2,2,1,1,1,1
7,7/14/25,7/20/25,91,,0.66,1,1,2,0.67,2,2,0,1,0.67,0
7,7/14/25,7/20/25,92,0.74,0.56,0.8,4,8,0.65,2,2,1,1,0.33,1
7,7/14/25,7/20/25,93,,,1,0,0,,2,2,1,1,1,0
7,7/14/25,7/20/25,94,,,1,0,0,,2,2,1,1,1,0
7,7/14/25,7/20/25,95,,0.54,0.41,0,3,0.54,2,2,0,1,0.33,1
7,7/14/25,7/20/25,96,,,1,2,0,,2,2,1,1,1,1
7,7/14/25,7/20/25,97,1,0.93,0.73,2,3,0.96,2,2,1,1,1,1
7,7/14/25,7/20/25,98,0.9,,0.67,0,2,0.9,2,2,1,1,1,0
7,7/14/25,7/20/25,99,0.68,,0.67,1,4,0.68,2,2,1,1,1,0
7,7/14/25,7/20/25,100,,,,13,0,,1,2,0,1,0,0
7,7/14/25,7/20/25,101,0.6,0.53,1,3,12,1,2,2,1,1,1,1
7,7/14/25,7/20/25,102,0.45,,0.97,4,8,0.45,2,2,1,1,1,1
7,7/14/25,7/20/25,103,,,1,0,0,,1,2,1,1,1,0
7,7/14/25,7/20/25,104,,0.4,0.59,6,4,0.4,2,2,0,1,1,1
7,7/14/25,7/20/25,105,,0.67,0.98,2,3,0.67,2,2,1,1,0.67,1
7,7/14/25,7/20/25,106,,,,0,0,,0,2,0,1,0,0
7,7/14/25,7/20/25,107,,,0.5,9,0,,2,2,1,1,0.67,0
7,7/14/25,7/20/25,108,,,,0,0,,0,2,0,1,0,0
7,7/14/25,7/20/25,109,,,1,0,0,,2,2,1,1,1,0
7,7/14/25,7/20/25,110,,,1,0,0,,1,2,1,1,0.67,0
7,7/14/25,7/20/25,111,,,1,1,1,,2,2,1,1,1,0
7,7/14/25,7/20/25,112,1,,1,7,4,1,2,2,1,1,1,1
7,7/14/25,7/20/25,113,,,0.7,1,0,,2,2,1,1,1,1
7,7/14/25,7/20/25,114,,,0.78,4,0,,2,2,0,1,0,1
7,7/14/25,7/20/25,115,,,,0,0,,0,2,0,1,0,0
7,7/14/25,7/20/25,116,,,0,0,0,,2,2,0,1,0.33,0
7,7/14/25,7/20/25,117,0.68,0.57,1,1,7,0.63,2,2,0,1,1,1
7,7/14/25,7/20/25,118,0.83,,0.96,4,3,0.83,2,2,1,1,0.67,1
7,7/14/25,7/20/25,119,0.43,0.67,1,1,4,0.51,2,2,1,1,1,0
7,7/14/25,7/20/25,120,1,0.59,0.96,12,8,0.79,2,2,1,1,0,1
7,7/14/25,7/20/25,121,0.67,0.49,0.44,5,7,0.62,2,2,1,1,0,1
7,7/14/25,7/20/25,122,,,,0,0,,0,2,0,1,0,0
7,7/14/25,7/20/25,123,,,0.52,0,0,,2,2,1,1,1,1
7,7/14/25,7/20/25,124,,0.79,,6,4,0.79,1,2,1,1,0,0
7,7/14/25,7/20/25,125,,,,0,0,,0,2,0,1,0,0
7,7/14/25,7/20/25,126,,0.47,,3,2,0.47,2,2,1,1,0,0
7,7/14/25,7/20/25,127,,0.56,1,0,1,0.56,2,2,0,1,1,0
7,7/14/25,7/20/25,128,,,0.67,0,0,,2,2,1,1,1,0
7,7/14/25,7/20/25,129,1,0.78,0.48,9,6,0.81,2,2,0,1,0.67,1
7,7/14/25,7/20/25,130,,,0.78,0,0,,2,2,0,1,0,1
7,7/14/25,7/20/25,131,,,,0,0,,2,2,1,1,0,0
7,7/14/25,7/20/25,132,,0.39,1,0,1,0.39,2,2,1,1,1,0
7,7/14/25,7/20/25,133,0.63,,0.67,0,6,0.63,2,2,1,1,1,0
7,7/14/25,7/20/25,134,,,,0,0,,0,2,0,1,0,0
7,7/14/25,7/20/25,135,,,1,0,0,,1,2,1,1,0.67,0
7,7/14/25,7/20/25,136,,,1,0,0,,1,2,1,1,0.33,0
7,7/14/25,7/20/25,137,,,0,0,0,,2,2,0,1,1,0
7,7/14/25,7/20/25,138,0.7,,0.94,7,2,0.7,2,2,1,1,1,1
7,7/14/25,7/20/25,139,0.6,,0.98,3,3,0.6,1,2,1,1,1,1
7,7/14/25,7/20/25,140,,,1,0,0,,2,2,0,1,1,0
7,7/14/25,7/20/25,141,,,0,0,0,,2,2,1,1,0.5,0
7,7/14/25,7/20/25,142,,,0.85,0,0,,2,2,0,1,1,1
7,7/14/25,7/20/25,143,,0.57,1,0,1,0.57,2,2,1,1,1,0
7,7/14/25,7/20/25,144,,,,0,0,,1,2,1,1,0,0
7,7/14/25,7/20/25,145,,,1,1,0,,2,2,1,1,0.67,0
7,7/14/25,7/20/25,146,0.78,0.54,1,0,6,0.72,2,2,0,1,1,0
7,7/14/25,7/20/25,147,,,0.67,0,0,,2,2,1,1,1,0
7,7/14/25,7/20/25,148,0.59,0.67,0.47,0,21,0.64,2,2,1,1,1,1
7,7/14/25,7/20/25,149,0.69,0.65,0.94,3,19,0.67,2,2,1,1,0.67,1
7,7/14/25,7/20/25,150,,,1,0,0,,1,2,1,1,0.5,0
9,7/21/25,7/27/25,1,,,,0,0,,0,2,0,1,0,0
9,7/21/25,7/27/25,2,,0.98,,4,2,0.98,0,2,0,1,0,0
9,7/21/25,7/27/25,3,,,,0,0,,0,2,0,1,0,0
9,7/21/25,7/27/25,4,0.6,0.54,0.54,2,2,0.57,2,2,0,1,1,0
9,7/21/25,7/27/25,5,0.6,0.92,0.92,0,2,0.76,2,2,0,1,1,0
9,7/21/25,7/27/25,6,,0.9,0.46,0,15,0.9,2,2,0,1,1,0
9,7/21/25,7/27/25,7,0.64,1,1,0,8,0.68,2,2,1,1,1,0
9,7/21/25,7/27/25,8,0.67,0.74,0.92,4,4,0.7,2,2,1,1,1,0
9,7/21/25,7/27/25,9,1,0.85,0.76,2,2,0.93,2,2,1,1,1,1
9,7/21/25,7/27/25,10,0.47,0.65,0.92,0,11,0.6,1,2,1,1,1,0
9,7/21/25,7/27/25,11,0.66,0.8,1,0,16,0.69,2,2,1,1,1,0
9,7/21/25,7/27/25,12,0.53,0.54,0.54,0,4,0.54,2,2,1,1,1,0
9,7/21/25,7/27/25,13,0.7,1,1,7,6,0.78,2,2,1,1,1,0
9,7/21/25,7/27/25,14,0.4,0.54,0.54,1,2,0.47,2,2,1,1,1,0
9,7/21/25,7/27/25,15,1,0.74,0.92,1,5,0.79,2,2,1,1,1,0
9,7/21/25,7/27/25,16,0.7,0.77,0.8,3,4,0.72,2,2,1,1,0,1
9,7/21/25,7/27/25,17,0.6,0.62,0.61,1,3,2.1,2,2,1,1,1,1
9,7/21/25,7/27/25,18,0.8,0.54,0.92,0,6,0.67,2,2,1,1,1,0
9,7/21/25,7/27/25,19,0.75,0.75,0.64,7,9,0.75,2,2,1,1,0,1
9,7/21/25,7/27/25,20,,,,0,0,,0,2,1,1,0,0
9,7/21/25,7/27/25,21,0.8,0.92,0.92,0,2,0.86,2,2,1,1,1,0
9,7/21/25,7/27/25,22,0.8,0.38,0.38,0,4,0.52,2,2,1,1,1,0
9,7/21/25,7/27/25,23,,1,1,4,3,1,2,2,1,1,1,0
9,7/21/25,7/27/25,24,1,1,1,0,2,1,2,2,1,1,1,0
9,7/21/25,7/27/25,25,0.4,0.54,,0,3,0.47,2,2,1,1,0,0
9,7/21/25,7/27/25,26,1,,,2,1,1,1,2,1,1,0,0
9,7/21/25,7/27/25,27,0.5,,,0,2,0.5,0,2,0,1,0,0
9,7/21/25,7/27/25,28,0.2,0.25,,0,4,0.24,0,2,0,1,0,0
9,7/21/25,7/27/25,29,1,1,1,1,2,1,2,2,1,1,1,0
9,7/21/25,7/27/25,30,1,1,1,18,13,1,2,2,0,1,1,0
9,7/21/25,7/27/25,31,1,1,1,0,2,1,2,2,0,1,1,0
9,7/21/25,7/27/25,32,0,,,2,2,0,2,2,1,1,0,0
9,7/21/25,7/27/25,33,,,,0,1,,2,2,1,1,0,0
9,7/21/25,7/27/25,34,,,,0,0,,0,2,0,1,0,0
9,7/21/25,7/27/25,35,1,1,1,3,2,1,2,2,1,1,1,0
9,7/21/25,7/27/25,36,1,1,1,0,2,1,2,2,1,1,1,0
9,7/21/25,7/27/25,37,0.8,0.85,0.85,5,2,0.82,2,2,1,1,1,0
9,7/21/25,7/27/25,38,0.6,0.69,0.77,0,3,0.66,2,2,1,1,1,0
9,7/21/25,7/27/25,39,0.6,0.62,0.62,0,2,0.61,2,2,0,1,1,0
9,7/21/25,7/27/25,40,0.4,,,0,2,0.4,1,2,1,1,0,0
9,7/21/25,7/27/25,41,,,,0,0,,0,2,0,1,0,0
9,7/21/25,7/27/25,42,,,,0,0,,0,2,0,1,0,0
9,7/21/25,7/27/25,43,,,,0,0,,0,2,0,1,0,0
9,7/21/25,7/27/25,44,0.69,0.98,1,16,5,0.81,2,2,1,1,1,0
9,7/21/25,7/27/25,45,,,,0,0,,0,2,0,1,0,0
9,7/21/25,7/27/25,46,1,1,1,0,2,1,2,2,1,1,1,0
9,7/21/25,7/27/25,47,,1,1,1,2,1,2,2,1,1,1,0
9,7/21/25,7/27/25,48,,,,0,0,,0,2,0,1,0,0
9,7/21/25,7/27/25,49,0.8,0.82,0.82,6,3,0.81,2,2,1,1,1,1
9,7/21/25,7/27/25,50,,,,0,0,,1,2,0,1,0,0
9,7/21/25,7/27/25,51,,1,1,0,1,1,1,2,0,1,1,0
9,7/21/25,7/27/25,52,,0.46,0.46,0,2,0.46,2,2,1,1,1,0
9,7/21/25,7/27/25,53,0.8,0.92,0.92,0,2,0.86,2,2,0,1,1,0
9,7/21/25,7/27/25,54,0.53,0.81,0.82,9,8,0.67,2,2,1,1,1,1
9,7/21/25,7/27/25,55,0.6,1,1,0,4,0.73,2,2,1,1,1,0
9,7/21/25,7/27/25,56,,,,0,0,,0,2,0,1,0,0
9,7/21/25,7/27/25,57,,,,0,2,,2,2,0,1,0,0
9,7/21/25,7/27/25,58,,,,0,0,,0,2,0,1,0,0
9,7/21/25,7/27/25,59,0.33,,,1,4,0.33,2,2,1,1,0,0
9,7/21/25,7/27/25,60,0.67,0.7,1,4,15,0.68,2,2,1,1,1,0
9,7/21/25,7/27/25,61,0.65,0.59,0.88,5,8,0.61,2,2,1,1,1,1
9,7/21/25,7/27/25,62,1,1,1,0,2,1,2,2,1,1,1,0
9,7/21/25,7/27/25,63,,1,1,0,1,1,1,2,1,1,1,0
9,7/21/25,7/27/25,64,,,,0,1,,1,2,1,1,0,0
9,7/21/25,7/27/25,65,,,,0,0,,0,2,0,1,0,0
9,7/21/25,7/27/25,66,0.8,1,1,10,2,0.9,2,2,1,1,1,0
9,7/21/25,7/27/25,67,0.6,0.77,0.56,0,2,0.69,2,2,1,1,1,1
9,7/21/25,7/27/25,68,0.8,1,1,0,2,0.9,2,2,1,1,1,0
9,7/21/25,7/27/25,69,0.8,0.92,0.94,0,2,0.86,2,2,1,1,1,1
9,7/21/25,7/27/25,70,0.6,,,0,3,0.6,0,2,0,1,0,0
9,7/21/25,7/27/25,71,0.45,0.43,0.46,6,10,0.44,2,2,1,1,1,0
9,7/21/25,7/27/25,72,0.29,,,0,7,0.29,2,2,0,1,0,0
9,7/21/25,7/27/25,73,0.8,0.98,0.94,1,3,0.92,2,2,1,1,1,1
9,7/21/25,7/27/25,74,,,,1,0,,0,2,0,1,0,0
9,7/21/25,7/27/25,75,,1,,1,2,1,0,2,0,1,0,0
9,7/21/25,7/27/25,76,0.81,0.71,0.92,0,7,0.78,2,2,1,1,1,0
9,7/21/25,7/27/25,77,1,0.92,0.92,0,3,0.96,2,2,0,1,1,0
9,7/21/25,7/27/25,78,0.73,0.86,1,9,10,0.77,2,2,1,1,1,0
9,7/21/25,7/27/25,79,,,,0,0,,0,2,0,1,0,0
9,7/21/25,7/27/25,80,,0.68,0.68,12,4,0.68,2,2,0,1,0,1
9,7/21/25,7/27/25,81,0.65,1,,0,3,0.77,0,2,0,1,0,0
9,7/21/25,7/27/25,82,,,,0,0,,1,2,1,1,0,0
9,7/21/25,7/27/25,83,,,,0,0,,0,2,0,1,0,0
9,7/21/25,7/27/25,84,0.8,0.68,0.77,0,4,0.71,2,2,1,1,1,0
9,7/21/25,7/27/25,85,0.8,,,0,2,0.8,2,2,1,1,0,0
9,7/21/25,7/27/25,86,,,,0,0,,0,2,0,1,0,0
9,7/21/25,7/27/25,87,0.76,0.92,0.92,2,8,0.78,2,2,1,1,1,0
9,7/21/25,7/27/25,88,0.4,1,1,4,3,0.8,2,2,1,1,1,1
9,7/21/25,7/27/25,89,0.8,,,0,8,0.8,0,2,0,1,0,0
9,7/21/25,7/27/25,90,1,1,1,0,2,1,2,2,1,1,1,0
9,7/21/25,7/27/25,91,0.8,,,0,3,0.8,2,2,1,1,0,0
9,7/21/25,7/27/25,92,1,1,0.84,4,2,1,2,2,1,1,1,1
9,7/21/25,7/27/25,93,0.8,0.92,0.92,0,4,0.86,2,2,1,1,1,0
9,7/21/25,7/27/25,94,,,,0,0,,2,2,0,1,0,0
9,7/21/25,7/27/25,95,0.56,0.65,0.65,6,5,0.59,2,2,1,1,1,1
9,7/21/25,7/27/25,96,1,0.92,0.98,11,5,0.94,2,2,1,1,1,1
9,7/21/25,7/27/25,97,0.85,0.75,1,1,6,0.84,1,2,1,1,0,1
9,7/21/25,7/27/25,98,0.92,1,1,0,3,0.94,2,2,0,1,1,0
9,7/21/25,7/27/25,99,0.63,1,1,0,8,0.68,2,2,1,1,1,0
9,7/21/25,7/27/25,100,,0.59,,0,2,0.59,0,2,0,1,0,0
9,7/21/25,7/27/25,101,0.58,0.8,,3,11,1.02,1,2,1,1,0,0
9,7/21/25,7/27/25,102,0.42,1,1,8,15,0.5,2,2,1,1,1,1
9,7/21/25,7/27/25,103,,,,0,0,,0,2,0,1,0,0
9,7/21/25,7/27/25,104,0.4,0.38,0.38,2,2,0.39,2,2,1,1,1,0
9,7/21/25,7/27/25,105,1,1,1,0,2,1,2,2,1,1,1,0
9,7/21/25,7/27/25,106,,,,0,0,,0,2,0,1,0,0
9,7/21/25,7/27/25,107,0.6,0.43,0.62,1,3,0.49,2,2,1,1,1,0
9,7/21/25,7/27/25,108,0.4,0.4,,0,6,0.4,2,2,1,1,0,0
9,7/21/25,7/27/25,109,1,1,1,0,2,1,2,2,1,1,1,0
9,7/21/25,7/27/25,110,0.4,0.92,0.92,0,2,0.66,2,2,1,1,1,0
9,7/21/25,7/27/25,111,0.4,0.77,0.77,0,2,0.58,2,2,0,1,1,0
9,7/21/25,7/27/25,112,1,1,1,0,2,1,2,2,1,1,1,1
9,7/21/25,7/27/25,113,0.8,0.77,0.77,3,2,0.79,2,2,1,1,1,0
9,7/21/25,7/27/25,114,,,,1,0,,0,2,1,1,0,0
9,7/21/25,7/27/25,115,,,,0,0,,0,2,1,1,0,0
9,7/21/25,7/27/25,116,0.4,0.77,0.77,1,2,0.58,2,2,1,1,1,0
9,7/21/25,7/27/25,117,0.9,0.97,0.92,1,6,0.94,2,2,1,1,1,0
9,7/21/25,7/27/25,118,0.78,0.77,0.9,3,8,0.77,2,2,1,1,1,1
9,7/21/25,7/27/25,119,0.8,1,1,4,3,0.87,2,2,1,1,1,0
9,7/21/25,7/27/25,120,1,1,1,2,2,1,2,2,1,1,1,0
9,7/21/25,7/27/25,121,0.77,0.77,0.62,7,9,0.77,1,2,1,1,1,1
9,7/21/25,7/27/25,122,,,,0,0,,0,2,0,1,0,0
9,7/21/25,7/27/25,123,0.66,0.92,0.92,9,5,0.71,2,2,1,1,1,0
9,7/21/25,7/27/25,124,0.4,1,,5,6,0.6,0,2,1,1,0,0
9,7/21/25,7/27/25,125,,,,0,0,,0,2,0,1,0,0
9,7/21/25,7/27/25,126,,0.87,0.92,1,5,0.87,2,2,1,1,1,0
9,7/21/25,7/27/25,127,1,0.75,1,0,3,0.83,2,2,1,1,1,0
9,7/21/25,7/27/25,128,1,0.92,0.92,0,2,0.96,2,2,1,1,1,0
9,7/21/25,7/27/25,129,0.62,0.72,0.59,12,4,0.67,2,2,1,1,1,1
9,7/21/25,7/27/25,130,,,,0,2,,1,2,1,1,0,0
9,7/21/25,7/27/25,131,,,,1,2,,2,2,0,1,0,0
9,7/21/25,7/27/25,132,0.6,1,1,1,3,0.8,2,2,1,1,1,0
9,7/21/25,7/27/25,133,0.49,1,1,1,6,0.59,2,2,1,1,1,0
9,7/21/25,7/27/25,134,0.8,0.45,,15,6,0.57,2,2,0,1,0,0
9,7/21/25,7/27/25,135,,0.63,1,0,2,0.63,1,2,1,1,1,0
9,7/21/25,7/27/25,136,,,,0,1,,1,2,0,1,0,0
9,7/21/25,7/27/25,137,0.4,1,1,0,2,0.7,2,2,0,1,1,0
9,7/21/25,7/27/25,138,0.69,1,0.98,0,4,0.77,2,2,1,1,1,1
9,7/21/25,7/27/25,139,,,,0,0,,2,2,1,1,0,0
9,7/21/25,7/27/25,140,0.8,0.92,,37,3,0.86,2,2,0,1,0,0
9,7/21/25,7/27/25,141,,,,0,0,,2,2,0,1,0,0
9,7/21/25,7/27/25,142,0.8,0.5,0.92,5,4,0.58,2,2,0,1,1,0
9,7/21/25,7/27/25,143,1,1,1,0,2,1,2,2,1,1,1,0
9,7/21/25,7/27/25,144,,0.38,,0,1,0.38,1,2,0,1,0,0
9,7/21/25,7/27/25,145,,1,1,0,2,1,1,2,0,1,1,0
9,7/21/25,7/27/25,146,0.8,,1,0,2,0.8,2,2,1,1,1,0
9,7/21/25,7/27/25,147,0.6,0.64,0.92,3,3,0.63,2,2,1,1,1,0
9,7/21/25,7/27/25,148,0.63,0.63,1,1,20,0.63,2,2,1,1,1,0
9,7/21/25,7/27/25,149,0.66,0.94,1,3,9,0.78,2,2,1,1,1,1
9,7/21/25,7/27/25,150,,,,0,0,,0,2,0,1,0,0
10,7/28/25,8/3/25,1,,,,0,0,,,,,,0,0
10,7/28/25,8/3/25,2,,,,0,0,,,,,,0,0
10,7/28/25,8/3/25,3,,,,0,0,,,,,,0,0
10,7/28/25,8/3/25,4,,,,1,0,,,,,,0,0
10,7/28/25,8/3/25,5,,0.1,,2,2,0.1,,,,,0,0
10,7/28/25,8/3/25,6,,,,0,0,,,,,,0,0
10,7/28/25,8/3/25,7,0.53,,,0,7,0.53,,,,,0,0
10,7/28/25,8/3/25,8,,,,0,0,,,,,,0,0
10,7/28/25,8/3/25,9,0.68,0.75,,2,6,0.69,,,,,0,0
10,7/28/25,8/3/25,10,0.67,,,0,1,0.67,,,,,0,0
10,7/28/25,8/3/25,11,0.62,,,0,13,0.62,,,,,0,0
10,7/28/25,8/3/25,12,0.75,,,0,3,0.75,,,,,0,0
10,7/28/25,8/3/25,13,,,,0,1,,,,,,0,0
10,7/28/25,8/3/25,14,,,,1,0,,,,,,0,0
10,7/28/25,8/3/25,15,,,,0,0,,,,,,0,0
10,7/28/25,8/3/25,16,,,,0,0,,,,,,0,0
10,7/28/25,8/3/25,17,0.72,0.64,,2,6,0.69,,,,,0,0
10,7/28/25,8/3/25,18,0.7,,,0,5,0.7,,,,,0,0
10,7/28/25,8/3/25,19,,,,2,0,,,,,,0,0
10,7/28/25,8/3/25,20,,,,0,0,,,,,,0,0
10,7/28/25,8/3/25,21,,,,0,0,,,,,,0,0
10,7/28/25,8/3/25,22,,,,0,0,,,,,,0,0
10,7/28/25,8/3/25,23,,,,0,0,,,,,,0,0
10,7/28/25,8/3/25,24,,,,0,0,,,,,,0,0
10,7/28/25,8/3/25,25,,,,1,0,,,,,,0,0
10,7/28/25,8/3/25,26,,,,0,0,,,,,,0,0
10,7/28/25,8/3/25,27,,,,0,0,,,,,,0,0
10,7/28/25,8/3/25,28,,,,0,0,,,,,,0,0
10,7/28/25,8/3/25,29,,,,0,1,,,,,,0,0
10,7/28/25,8/3/25,30,,0.56,,0,2,0.56,,,,,0,0
10,7/28/25,8/3/25,31,,,,0,0,,,,,,0,0
10,7/28/25,8/3/25,32,,,,0,0,,,,,,0,0
10,7/28/25,8/3/25,33,,,,0,0,,,,,,0,0
10,7/28/25,8/3/25,34,,,,0,0,,,,,,0,0
10,7/28/25,8/3/25,35,,,,0,0,,,,,,0,0
10,7/28/25,8/3/25,36,,,,0,0,,,,,,0,0
10,7/28/25,8/3/25,37,,,,0,0,,,,,,0,0
10,7/28/25,8/3/25,38,,0.47,,1,4,0.47,,,,,0,0
10,7/28/25,8/3/25,39,,,,1,0,,,,,,0,0
10,7/28/25,8/3/25,40,,,,0,0,,,,,,0,0
10,7/28/25,8/3/25,41,,,,0,0,,,,,,0,0
10,7/28/25,8/3/25,42,,,,0,0,,,,,,0,0
10,7/28/25,8/3/25,43,,,,0,0,,,,,,0,0
10,7/28/25,8/3/25,44,,,,0,0,,,,,,0,0
10,7/28/25,8/3/25,45,,,,0,0,,,,,,0,0
10,7/28/25,8/3/25,46,,0.54,,0,1,5.04,,,,,0,0
10,7/28/25,8/3/25,47,,,,4,1,,,,,,0,0
10,7/28/25,8/3/25,48,,,,0,0,,,,,,0,0
10,7/28/25,8/3/25,49,,,,0,0,,,,,,0,0
10,7/28/25,8/3/25,50,,,,0,0,,,,,,0,0
10,7/28/25,8/3/25,51,,,,0,1,,,,,,0,0
10,7/28/25,8/3/25,52,0.2,0.2,,0,3,1.74,,,,,0,0
10,7/28/25,8/3/25,53,,1,,3,1,1,,,,,0,0
10,7/28/25,8/3/25,54,0.82,0.52,,11,7,0.72,,,,,0,0
10,7/28/25,8/3/25,55,0.83,,,0,2,0.83,,,,,0,0
10,7/28/25,8/3/25,56,,,,0,0,,,,,,0,0
10,7/28/25,8/3/25,57,,,,0,0,,,,,,0,0
10,7/28/25,8/3/25,58,,,,0,0,,,,,,0,0
10,7/28/25,8/3/25,59,0.72,,,0,3,0.72,,,,,0,0
10,7/28/25,8/3/25,60,0.75,0.53,,3,7,0.6,,,,,0,0
10,7/28/25,8/3/25,61,,0.84,,4,1,0.84,,,,,0,0
10,7/28/25,8/3/25,62,,,,0,0,,,,,,0,0
10,7/28/25,8/3/25,63,,,,0,0,,,,,,0,0
10,7/28/25,8/3/25,64,,,,0,0,,,,,,0,0
10,7/28/25,8/3/25,65,,,,2,0,,,,,,0,0
10,7/28/25,8/3/25,66,,,,0,0,,,,,,0,0
10,7/28/25,8/3/25,67,,,,0,0,,,,,,0,0
10,7/28/25,8/3/25,68,,0.96,,2,4,0.96,,,,,0,0
10,7/28/25,8/3/25,69,,,,0,0,,,,,,0,0
10,7/28/25,8/3/25,70,,,,0,0,,,,,,0,0
10,7/28/25,8/3/25,71,0.83,,,3,2,0.83,,,,,0,0
10,7/28/25,8/3/25,72,0.63,,,0,5,0.63,,,,,0,0
10,7/28/25,8/3/25,73,,,,4,0,,,,,,0,0
10,7/28/25,8/3/25,74,,,,0,0,,,,,,0,0
10,7/28/25,8/3/25,75,,,,0,0,,,,,,0,0
10,7/28/25,8/3/25,76,0.4,,,0,3,0.4,,,,,0,0
10,7/28/25,8/3/25,77,,,,0,0,,,,,,0,0
10,7/28/25,8/3/25,78,0.7,,,2,6,0.7,,,,,0,0
10,7/28/25,8/3/25,79,1,,,0,3,1,,,,,0,0
10,7/28/25,8/3/25,80,,,,2,0,,,,,,0,0
10,7/28/25,8/3/25,81,0.67,,,0,3,0.67,,,,,0,0
10,7/28/25,8/3/25,82,,,,0,0,,,,,,0,0
10,7/28/25,8/3/25,83,,,,0,0,,,,,,0,0
10,7/28/25,8/3/25,84,,,,0,0,,,,,,0,0
10,7/28/25,8/3/25,85,,,,0,0,,,,,,0,0
10,7/28/25,8/3/25,86,,,,0,0,,,,,,0,0
10,7/28/25,8/3/25,87,0.93,,,0,6,0.93,,,,,0,0
10,7/28/25,8/3/25,88,0.65,0.75,,1,6,0.67,,,,,0,0
10,7/28/25,8/3/25,89,0.67,0.5,,0,4,0.58,,,,,0,0
10,7/28/25,8/3/25,90,,,,2,0,,,,,,0,0
10,7/28/25,8/3/25,91,,,,0,0,,,,,,0,0
10,7/28/25,8/3/25,92,0.76,0.59,,6,5,0.69,,,,,0,0
10,7/28/25,8/3/25,93,,,,0,1,,,,,,0,0
10,7/28/25,8/3/25,94,,,,0,0,,,,,,0,0
10,7/28/25,8/3/25,95,,,,0,0,,,,,,0,0
10,7/28/25,8/3/25,96,,1,,3,1,1,,,,,0,0
10,7/28/25,8/3/25,97,0.83,1,,3,3,0.89,,,,,0,0
10,7/28/25,8/3/25,98,0.8,0.61,,0,4,0.74,,,,,0,0
10,7/28/25,8/3/25,99,,,,0,0,,,,,,0,0
10,7/28/25,8/3/25,100,,,,0,0,,,,,,0,0
10,7/28/25,8/3/25,101,0.38,0.57,,0,5,1.53,,,,,0,0
10,7/28/25,8/3/25,102,0.65,0.94,,5,16,0.75,,,,,0,0
10,7/28/25,8/3/25,103,,,,0,0,,,,,,0,0
10,7/28/25,8/3/25,104,,,,0,0,,,,,,0,0
10,7/28/25,8/3/25,105,,,,0,0,,,,,,0,0
10,7/28/25,8/3/25,106,,,,0,0,,,,,,0,0
10,7/28/25,8/3/25,107,0.8,,,3,1,0.8,,,,,0,0
10,7/28/25,8/3/25,108,,,,0,0,,,,,,0,0
10,7/28/25,8/3/25,109,,,,0,0,,,,,,0,0
10,7/28/25,8/3/25,110,,,,0,0,,,,,,0,0
10,7/28/25,8/3/25,111,0.75,0.2,,0,3,0.57,,,,,0,0
10,7/28/25,8/3/25,112,1,1,,6,5,1,,,,,0,0
10,7/28/25,8/3/25,113,,,,0,0,,,,,,0,0
10,7/28/25,8/3/25,114,,,,0,0,,,,,,0,0
10,7/28/25,8/3/25,115,,,,0,0,,,,,,0,0
10,7/28/25,8/3/25,116,,,,0,0,,,,,,0,0
10,7/28/25,8/3/25,117,0.71,0.45,,3,8,0.61,,,,,0,0
10,7/28/25,8/3/25,118,,0.51,,0,1,4.99,,,,,0,0
10,7/28/25,8/3/25,119,,,,0,0,,,,,,0,0
10,7/28/25,8/3/25,120,,,,0,0,,,,,,0,0
10,7/28/25,8/3/25,121,0.73,,,1,2,0.73,,,,,0,0
10,7/28/25,8/3/25,122,0.67,0,,0,4,0.34,,,,,0,0
10,7/28/25,8/3/25,123,,,,0,0,,,,,,0,0
10,7/28/25,8/3/25,124,,,,0,0,,,,,,0,0
10,7/28/25,8/3/25,125,,,,0,0,,,,,,0,0
10,7/28/25,8/3/25,126,,,,0,0,,,,,,0,0
10,7/28/25,8/3/25,127,,,,0,0,,,,,,0,0
10,7/28/25,8/3/25,128,,,,0,0,,,,,,0,0
10,7/28/25,8/3/25,129,0.83,0.56,,11,11,0.74,,,,,0,0
10,7/28/25,8/3/25,130,,,,0,0,,,,,,0,0
10,7/28/25,8/3/25,131,,,,0,0,,,,,,0,0
10,7/28/25,8/3/25,132,,,,0,0,,,,,,0,0
10,7/28/25,8/3/25,133,0.65,0.8,,0,9,0.68,,,,,0,0
10,7/28/25,8/3/25,134,0.88,0.49,,1,5,1.9,,,,,0,0
10,7/28/25,8/3/25,135,,,,0,0,,,,,,0,0
10,7/28/25,8/3/25,136,,,,0,0,,,,,,0,0
10,7/28/25,8/3/25,137,,,,0,0,,,,,,0,0
10,7/28/25,8/3/25,138,0.9,0.73,,10,5,0.81,,,,,0,0
10,7/28/25,8/3/25,139,,,,0,2,,,,,,0,0
10,7/28/25,8/3/25,140,,,,0,0,,,,,,0,0
10,7/28/25,8/3/25,141,,,,0,1,,,,,,0,0
10,7/28/25,8/3/25,142,,,,0,0,,,,,,0,0
10,7/28/25,8/3/25,143,,,,0,0,,,,,,0,0
10,7/28/25,8/3/25,144,0.67,0.76,,19,11,0.72,,,,,0,0
10,7/28/25,8/3/25,145,0.5,0.46,,2,23,0.47,,,,,0,0
10,7/28/25,8/3/25,146,,,,0,0,,,,,,0,0
10,7/28/25,8/3/25,147,,,,0,0,,,,,,0,0
10,7/28/25,8/3/25,148,0.75,0.49,,0,17,0.84,,,,,0,0
10,7/28/25,8/3/25,149,0.77,0.76,,15,19,0.77,,,,,0,0
10,7/28/25,8/3/25,150,,,,0,0,,,,,,0,0
11,8/4/25,8/10/25,1,1,1,1,0,6,1,0,2,1,1,1,0
11,8/4/25,8/10/25,2,,,,0,0,,0,2,0,1,0,0
11,8/4/25,8/10/25,3,,,,0,0,,0,2,0,1,0,0
11,8/4/25,8/10/25,4,0.46,0.64,0.8,0,5,0.57,2,2,1,1,1,0
11,8/4/25,8/10/25,5,0.62,0.54,,4,4,1.71,2,2,0,1,0,0
11,8/4/25,8/10/25,6,,0.9,0.8,0,3,0.9,2,2,1,1,1,0
11,8/4/25,8/10/25,7,0.73,0.69,0.93,4,15,1.01,2,2,1,1,1,0
11,8/4/25,8/10/25,8,0.68,0.41,0.32,2,8,1.04,2,2,1,1,1,1
11,8/4/25,8/10/25,9,0.62,0.85,0.91,1,6,1.53,2,2,1,1,1,1
11,8/4/25,8/10/25,10,,0,0,0,2,0,1,2,0,1,1,0
11,8/4/25,8/10/25,11,0.8,0.69,0.67,0,11,1.15,2,2,1,1,1,0
11,8/4/25,8/10/25,12,0.45,0.43,0.28,4,12,0.85,2,2,1,1,1,1
11,8/4/25,8/10/25,13,,0.51,,2,3,4.98,2,2,1,1,0,0
11,8/4/25,8/10/25,14,,0.32,0.2,1,4,0.32,2,2,1,1,1,0
11,8/4/25,8/10/25,15,1,1,1,0,6,1,2,2,1,1,1,0
11,8/4/25,8/10/25,16,0.79,0.8,0.78,3,14,1.15,2,2,1,1,1,1
11,8/4/25,8/10/25,17,0.51,0.78,0.89,2,11,0.63,2,2,1,1,1,1
11,8/4/25,8/10/25,18,0.9,0.45,,0,4,2.25,2,2,0,1,0,0
11,8/4/25,8/10/25,19,1,0.88,1,1,7,1.66,2,2,0,1,1,0
11,8/4/25,8/10/25,20,0.77,0.67,0.67,0,7,0.7,0,2,1,1,1,0
11,8/4/25,8/10/25,21,1,1,1,0,6,1,2,2,1,1,1,0
11,8/4/25,8/10/25,22,0.15,0.04,0.07,0,7,0.07,2,2,1,1,1,0
11,8/4/25,8/10/25,23,1,1,1,0,7,1,2,2,1,1,0.67,0
11,8/4/25,8/10/25,24,0.83,1,1,0,6,0.94,2,2,1,1,1,0
11,8/4/25,8/10/25,25,0.58,0.6,0.61,5,14,0.97,2,2,1,1,1,1
11,8/4/25,8/10/25,26,0.94,0.92,1,4,12,1.3,1,2,1,1,1,1
11,8/4/25,8/10/25,27,,1,1,0,1,1,0,2,0,1,1,0
11,8/4/25,8/10/25,28,0.64,0.62,,1,11,0.63,0,2,0,1,0,0
11,8/4/25,8/10/25,29,1,0.9,1,8,7,1.57,2,2,1,1,1,0
11,8/4/25,8/10/25,30,0.83,0.92,1,0,6,0.9,2,2,0,1,1,1
11,8/4/25,8/10/25,31,1,0.9,1,0,7,1.57,2,2,1,1,1,0
11,8/4/25,8/10/25,32,0.39,0.63,0.67,1,7,1.2,2,2,1,1,1,0
11,8/4/25,8/10/25,33,0.43,,,0,1,0.43,2,2,1,1,0,0
11,8/4/25,8/10/25,34,,1,1,0,3,1,0,2,0,1,1,0
11,8/4/25,8/10/25,35,1,0.92,1,0,6,1.68,2,2,1,1,1,0
11,8/4/25,8/10/25,36,0.85,0.89,1,1,8,1.52,2,2,1,1,0.67,0
11,8/4/25,8/10/25,37,0.85,0.92,0.97,11,12,1.26,2,2,1,1,1,1
11,8/4/25,8/10/25,38,0.51,0.73,0.8,0,4,0.62,2,2,1,1,1,0
11,8/4/25,8/10/25,39,,0,0,0,2,0,2,2,0,1,1,0
11,8/4/25,8/10/25,40,0.86,,,0,2,0.86,1,2,1,1,0,0
11,8/4/25,8/10/25,41,,,,0,0,,0,2,0,1,0,0
11,8/4/25,8/10/25,42,,,,0,0,,0,2,0,1,0,0
11,8/4/25,8/10/25,43,,,,0,0,,0,2,0,1,0,0
11,8/4/25,8/10/25,44,1,0.99,1,24,7,0.99,2,2,1,1,0.67,0
11,8/4/25,8/10/25,45,,,,0,0,,0,2,0,1,0,0
11,8/4/25,8/10/25,46,0.93,1,1,0,7,0.98,2,2,1,1,1,0
11,8/4/25,8/10/25,47,1,0.92,1,8,5,0.93,2,2,1,1,1,0
11,8/4/25,8/10/25,48,0.7,0.43,0.56,8,14,0.57,0,2,0,1,0,1
11,8/4/25,8/10/25,49,0.7,0.92,1,5,8,1.42,2,2,1,1,1,1
11,8/4/25,8/10/25,50,,0.83,,1,1,0.83,1,2,0,1,0,0
11,8/4/25,8/10/25,51,,,,0,2,,1,2,0,1,0,0
11,8/4/25,8/10/25,52,0.6,0.2,0.3,0,5,0.36,2,2,1,1,1,0
11,8/4/25,8/10/25,53,1,0.92,1,4,11,1.44,2,2,1,1,1,1
11,8/4/25,8/10/25,54,0.67,0.82,0.84,1,10,1.26,2,2,1,1,0.67,1
11,8/4/25,8/10/25,55,1,0.8,1,0,7,0.86,2,2,1,1,1,0
11,8/4/25,8/10/25,56,,,,0,0,,0,2,0,1,0,0
11,8/4/25,8/10/25,57,,,,0,0,,2,2,0,1,0,0
11,8/4/25,8/10/25,58,,,,4,0,,0,2,0,1,0,0
11,8/4/25,8/10/25,59,0.54,0.35,0.3,0,9,1.01,2,2,1,1,1,0
11,8/4/25,8/10/25,60,0.69,0.62,0.72,4,12,0.63,2,2,1,1,1,1
11,8/4/25,8/10/25,61,0.51,0.61,0.72,3,9,0.55,2,2,1,1,0,1
11,8/4/25,8/10/25,62,1,0.88,1,5,11,1.32,2,2,1,1,1,1
11,8/4/25,8/10/25,63,1,0.72,1,2,6,1.66,1,2,0,1,0,1
11,8/4/25,8/10/25,64,,,,0,4,,1,2,0,1,0,0
11,8/4/25,8/10/25,65,0.85,0.63,0.75,2,13,0.74,0,2,1,1,1,1
11,8/4/25,8/10/25,66,0.81,0.88,0.94,2,11,0.84,2,2,1,1,1,1
11,8/4/25,8/10/25,67,0.41,0.31,0.27,18,17,0.34,2,2,1,1,1,0
11,8/4/25,8/10/25,68,0.85,0.88,1,3,13,0.87,2,2,1,1,1,0
11,8/4/25,8/10/25,69,0.93,1,0.99,0,7,0.98,2,2,1,1,1,1
11,8/4/25,8/10/25,70,,,,0,0,,0,2,0,1,0,0
11,8/4/25,8/10/25,71,0.45,0.27,0.19,2,10,0.81,2,2,1,1,1,1
11,8/4/25,8/10/25,72,0.58,0.54,0.53,2,11,0.97,2,2,0,1,1,1
11,8/4/25,8/10/25,73,1,0.91,0.99,19,14,0.91,2,2,1,1,1,1
11,8/4/25,8/10/25,74,,,,0,1,,0,2,0,1,0,0
11,8/4/25,8/10/25,75,,,,0,0,,0,2,0,1,0,0
11,8/4/25,8/10/25,76,0.78,0.86,0.93,0,14,1.17,2,2,1,1,1,1
11,8/4/25,8/10/25,77,0.83,1,1,0,8,0.92,2,2,1,1,1,0
11,8/4/25,8/10/25,78,0.75,0.89,1,2,7,0.81,2,2,1,1,1,0
11,8/4/25,8/10/25,79,1,,1,0,2,1,0,2,0,1,0,1
11,8/4/25,8/10/25,80,0.92,0.33,0.5,0,5,0.62,2,2,0,1,1,0
11,8/4/25,8/10/25,81,,0.2,,2,3,0.2,0,2,0,1,0,0
11,8/4/25,8/10/25,82,,,,0,0,,1,2,0,1,0,0
11,8/4/25,8/10/25,83,,,,0,0,,0,2,0,1,0,0
11,8/4/25,8/10/25,84,0.71,0.75,0.67,0,5,0.74,2,2,0,1,1,0
11,8/4/25,8/10/25,85,1,0.92,1,0,8,1.58,2,2,1,1,1,0
11,8/4/25,8/10/25,86,,0.93,0.93,16,3,0.93,0,2,0,1,1,0
11,8/4/25,8/10/25,87,0.88,0.65,0.67,0,12,1.18,2,2,1,1,1,0
11,8/4/25,8/10/25,88,,1,1,0,3,1,2,2,1,1,1,1
11,8/4/25,8/10/25,89,0.5,,,0,2,0.5,0,2,0,1,0,0
11,8/4/25,8/10/25,90,0.78,0.97,0.96,3,11,0.86,2,2,1,1,1,1
11,8/4/25,8/10/25,91,0.67,0.78,,2,4,2.23,2,2,1,1,0,0
11,8/4/25,8/10/25,92,0.78,0.88,0.97,5,11,1.25,2,2,1,1,1,1
11,8/4/25,8/10/25,93,1,0.88,1,0,6,1.8,2,2,1,1,1,0
11,8/4/25,8/10/25,94,,,,0,0,,2,2,1,1,0,0
11,8/4/25,8/10/25,95,0.68,0.37,0.33,0,7,1.1,2,2,1,1,1,0
11,8/4/25,8/10/25,96,1,0.93,1,6,17,1.27,2,2,1,1,1,1
11,8/4/25,8/10/25,97,0.8,0.72,0.74,5,9,0.76,1,2,1,1,1,1
11,8/4/25,8/10/25,98,,1,1,0,3,1,2,2,1,1,1,0
11,8/4/25,8/10/25,99,0.82,0.92,1,1,7,0.88,2,2,1,1,1,0
11,8/4/25,8/10/25,100,,0.66,,0,1,0.66,0,2,0,1,0,0
11,8/4/25,8/10/25,101,0.76,0.73,0.75,8,12,0.75,1,2,1,1,1,1
11,8/4/25,8/10/25,102,0.56,0.93,1,7,16,0.98,2,2,1,1,1,1
11,8/4/25,8/10/25,103,,,,0,0,,0,2,0,1,0,0
11,8/4/25,8/10/25,104,0.45,0.65,0.53,1,6,0.58,2,2,1,1,1,0
11,8/4/25,8/10/25,105,0.71,0.88,0.94,3,12,1.17,2,2,1,1,1,1
11,8/4/25,8/10/25,106,,,,0,0,,0,2,0,1,0,0
11,8/4/25,8/10/25,107,0.3,0.42,0.3,1,6,1.03,2,2,1,1,1,0
11,8/4/25,8/10/25,108,,,,0,2,,2,2,1,1,0,0
11,8/4/25,8/10/25,109,1,1,1,0,6,1,2,2,1,1,1,0
11,8/4/25,8/10/25,110,0.52,0.89,1,1,6,0.74,2,2,1,1,0.67,0
11,8/4/25,8/10/25,111,0.92,0.71,0.67,4,7,1.41,2,2,1,1,1,0
11,8/4/25,8/10/25,112,1,0.91,1,2,7,1.57,2,2,1,1,1,1
11,8/4/25,8/10/25,113,0.66,0.83,0.96,6,12,1.12,2,2,1,1,1,1
11,8/4/25,8/10/25,114,0.69,1,1,0,7,0.9,0,2,0,1,1,0
11,8/4/25,8/10/25,115,,,,0,0,,0,2,0,1,0,0
11,8/4/25,8/10/25,116,0.6,0.76,0.87,0,5,0.69,2,2,1,1,1,0
11,8/4/25,8/10/25,117,0.59,0.66,0.68,3,20,0.63,2,2,1,1,1,1
11,8/4/25,8/10/25,118,0.61,0.95,0.94,0,6,0.83,2,2,1,1,1,1
11,8/4/25,8/10/25,119,0.63,0.92,1,0,10,0.82,2,2,1,1,1,0
11,8/4/25,8/10/25,120,,0.47,0.94,0,1,4.97,2,2,1,1,0,1
11,8/4/25,8/10/25,121,0.69,1,0.78,0,3,0.79,1,2,1,1,0,1
11,8/4/25,8/10/25,122,,0.53,,0,1,5,0,2,0,1,0,0
11,8/4/25,8/10/25,123,0.54,0.56,0.59,0,8,0.55,2,2,1,1,1,1
11,8/4/25,8/10/25,124,,,,0,2,,0,2,0,1,0,0
11,8/4/25,8/10/25,125,,0.6,,9,2,2.88,0,2,0,1,0,0
11,8/4/25,8/10/25,126,,,,0,1,,2,2,0,1,0,0
11,8/4/25,8/10/25,127,1,0.75,0.67,0,6,0.83,2,2,0,1,1,0
11,8/4/25,8/10/25,128,0.92,0.65,0.53,0,7,0.74,2,2,1,1,1,0
11,8/4/25,8/10/25,129,0.75,0.6,0.54,1,11,1.12,2,2,1,1,1,1
11,8/4/25,8/10/25,130,,0.53,,0,6,5.02,1,2,1,1,0,0
11,8/4/25,8/10/25,131,0.6,0.32,,0,5,2.75,2,2,0,1,0,0
11,8/4/25,8/10/25,132,1,1,1,0,5,1,2,2,1,1,1,0
11,8/4/25,8/10/25,133,0.9,0.87,0.93,0,8,0.88,2,2,1,1,1,0
11,8/4/25,8/10/25,134,,,,1,0,,2,2,0,1,0,0
11,8/4/25,8/10/25,135,1,1,1,1,6,1,1,2,1,1,1,0
11,8/4/25,8/10/25,136,,0.83,1,0,4,1.97,1,2,0,1,1,0
11,8/4/25,8/10/25,137,0.6,0.45,0.27,0,6,0.5,2,2,0,1,1,0
11,8/4/25,8/10/25,138,1,1,,0,3,1,2,2,1,1,0,0
11,8/4/25,8/10/25,139,0.61,0.83,0.86,6,9,1.2,2,2,1,1,1,1
11,8/4/25,8/10/25,140,,1,1,0,5,1,2,2,0,1,1,0
11,8/4/25,8/10/25,141,0.83,0.92,1,0,9,0.9,2,2,0,1,1,0
11,8/4/25,8/10/25,142,0.79,1,0.89,3,5,0.83,2,2,1,1,0,1
11,8/4/25,8/10/25,143,1,1,,0,3,1,2,2,0,1,0,0
11,8/4/25,8/10/25,144,0.8,,,8,1,0.8,1,2,0,1,0,0
11,8/4/25,8/10/25,145,0.58,0.61,0.67,23,16,0.6,1,2,1,1,1,0
11,8/4/25,8/10/25,146,,,1,0,0,,2,2,0,1,1,0
11,8/4/25,8/10/25,147,0.68,1,1,0,6,0.84,2,2,1,1,0.33,0
11,8/4/25,8/10/25,148,0.82,0.72,0.97,8,27,0.76,2,2,1,1,1,1
11,8/4/25,8/10/25,149,0.7,0.86,1,12,22,1.06,2,2,1,1,1,0.5
11,8/4/25,8/10/25,150,0.56,0.65,0.5,11,8,0.63,0,2,0,1,1,0
12,8/11/25,8/17/25,1,1,0.96,,9,4,0.97,,,,,,
12,8/11/25,8/17/25,2,,,,0,0,,,,,,,
12,8/11/25,8/17/25,3,,,,0,0,,,,,,,
12,8/11/25,8/17/25,4,,,,0,0,,,,,,,
12,8/11/25,8/17/25,5,0.4,0.6,,3,2,0.5,,,,,,
12,8/11/25,8/17/25,6,,,,0,0,,,,,,,
12,8/11/25,8/17/25,7,0.6,,,3,2,0.6,,,,,,
12,8/11/25,8/17/25,8,,,,3,0,,,,,,,
12,8/11/25,8/17/25,9,0.77,0.75,,8,7,0.76,,,,,,
12,8/11/25,8/17/25,10,,,,2,0,,,,,,,
12,8/11/25,8/17/25,11,0.87,1,,0,5,0.9,,,,,,
12,8/11/25,8/17/25,12,0.66,0.34,,14,8,0.54,,,,,,
12,8/11/25,8/17/25,13,,,,1,0,,,,,,,
12,8/11/25,8/17/25,14,,,,0,0,,,,,,,
12,8/11/25,8/17/25,15,,0.52,,5,1,4.98,,,,,,
12,8/11/25,8/17/25,16,0.73,0.33,,5,3,0.6,,,,,,
12,8/11/25,8/17/25,17,0.64,0.82,,6,9,0.68,,,,,,
12,8/11/25,8/17/25,18,,,,1,0,,,,,,,
12,8/11/25,8/17/25,19,,,,0,0,,,,,,,
12,8/11/25,8/17/25,20,,,,0,0,,,,,,,
12,8/11/25,8/17/25,21,,,,4,0,,,,,,,
12,8/11/25,8/17/25,22,,,,0,0,,,,,,,
12,8/11/25,8/17/25,23,,,,0,0,,,,,,,
12,8/11/25,8/17/25,24,,0.5,,3,1,4.98,,,,,,
12,8/11/25,8/17/25,25,,0.41,,3,1,0.41,,,,,,
12,8/11/25,8/17/25,26,,,,0,0,,,,,,,
12,8/11/25,8/17/25,27,,0.32,,0,1,4.89,,,,,,
12,8/11/25,8/17/25,28,0.5,0.33,,0,6,0.38,,,,,,
12,8/11/25,8/17/25,29,,,,0,0,,,,,,,
12,8/11/25,8/17/25,30,,,,0,0,,,,,,,
12,8/11/25,8/17/25,31,,,,3,0,,,,,,,
12,8/11/25,8/17/25,32,,,,2,0,,,,,,,
12,8/11/25,8/17/25,33,,,,0,0,,,,,,,
12,8/11/25,8/17/25,34,,,,0,0,,,,,,,
12,8/11/25,8/17/25,35,,1,,5,1,1,,,,,,
12,8/11/25,8/17/25,36,,,,0,0,,,,,,,
12,8/11/25,8/17/25,37,,,,2,0,,,,,,,
12,8/11/25,8/17/25,38,0.67,0.5,,10,4,0.55,,,,,,
12,8/11/25,8/17/25,39,,,,2,1,,,,,,,
12,8/11/25,8/17/25,40,,,,5,0,,,,,,,
12,8/11/25,8/17/25,41,,0.33,,0,1,4.89,,,,,,
12,8/11/25,8/17/25,42,,0.3,,0,1,4.86,,,,,,
12,8/11/25,8/17/25,43,,,,0,0,,,,,,,
12,8/11/25,8/17/25,44,,,,7,0,,,,,,,
12,8/11/25,8/17/25,45,,,,3,0,,,,,,,
12,8/11/25,8/17/25,46,,,,0,0,,,,,,,
12,8/11/25,8/17/25,47,,,,2,1,,,,,,,
12,8/11/25,8/17/25,48,0,0.55,,6,3,0.37,,,,,,
12,8/11/25,8/17/25,49,0.88,,,3,3,0.88,,,,,,
12,8/11/25,8/17/25,50,,,,0,0,,,,,,,
12,8/11/25,8/17/25,51,,,,0,0,,,,,,,
12,8/11/25,8/17/25,52,,,,0,0,,,,,,,
12,8/11/25,8/17/25,53,0.93,,,3,3,0.93,,,,,,
12,8/11/25,8/17/25,54,,0.47,,4,2,0.47,,,,,,
12,8/11/25,8/17/25,55,,,,0,0,,,,,,,
12,8/11/25,8/17/25,56,,,,0,0,,,,,,,
12,8/11/25,8/17/25,57,,,,0,0,,,,,,,
12,8/11/25,8/17/25,58,,,,0,0,,,,,,,
12,8/11/25,8/17/25,59,0.6,,,0,4,0.6,,,,,,
12,8/11/25,8/17/25,60,0.68,0.69,,8,7,0.68,,,,,,
12,8/11/25,8/17/25,61,0.83,0.42,,2,2,2.88,,,,,,
12,8/11/25,8/17/25,62,,,,0,0,,,,,,,
12,8/11/25,8/17/25,63,1,,,22,3,1,,,,,,
12,8/11/25,8/17/25,64,,,,0,0,,,,,,,
12,8/11/25,8/17/25,65,,0.52,,3,1,0.52,,,,,,
12,8/11/25,8/17/25,66,,,,2,0,,,,,,,
12,8/11/25,8/17/25,67,0.44,0.44,,21,7,1.2,,,,,,
12,8/11/25,8/17/25,68,0.97,,,0,6,0.97,,,,,,
12,8/11/25,8/17/25,69,0.9,0.85,,9,11,0.88,,,,,,
12,8/11/25,8/17/25,70,,,,0,0,,,,,,,
12,8/11/25,8/17/25,71,0.39,,,2,5,0.39,,,,,,
12,8/11/25,8/17/25,72,,,,0,0,,,,,,,
12,8/11/25,8/17/25,73,,0.88,,18,7,0.88,,,,,,
12,8/11/25,8/17/25,74,,,,0,0,,,,,,,
12,8/11/25,8/17/25,75,,,,0,0,,,,,,,
12,8/11/25,8/17/25,76,0.81,0.69,,4,13,0.73,,,,,,
12,8/11/25,8/17/25,77,1,,,0,1,1,,,,,,
12,8/11/25,8/17/25,78,0.8,,,0,1,0.8,,,,,,
12,8/11/25,8/17/25,79,0.93,1,,9,7,0.96,,,,,,
12,8/11/25,8/17/25,80,,,,0,0,,,,,,,
12,8/11/25,8/17/25,81,,,,0,0,,,,,,,
12,8/11/25,8/17/25,82,,,,5,1,,,,,,,
12,8/11/25,8/17/25,83,,,,0,0,,,,,,,
12,8/11/25,8/17/25,84,,,,1,1,,,,,,,
12,8/11/25,8/17/25,85,0.63,0.85,,8,4,0.69,,,,,,
12,8/11/25,8/17/25,86,,,,0,0,,,,,,,
12,8/11/25,8/17/25,87,0.81,,,0,5,0.81,,,,,,
12,8/11/25,8/17/25,88,,0.78,,10,3,3.01,,,,,,
12,8/11/25,8/17/25,89,0.7,,,0,7,0.7,,,,,,
12,8/11/25,8/17/25,90,,0.81,,2,1,0.81,,,,,,
12,8/11/25,8/17/25,91,,,,0,0,,,,,,,
12,8/11/25,8/17/25,92,,,,4,0,,,,,,,
12,8/11/25,8/17/25,93,,,,0,0,,,,,,,
12,8/11/25,8/17/25,94,,0.54,,3,1,5.03,,,,,,
12,8/11/25,8/17/25,95,,,,0,0,,,,,,,
12,8/11/25,8/17/25,96,,,,0,0,,,,,,,
12,8/11/25,8/17/25,97,,,,1,0,,,,,,,
12,8/11/25,8/17/25,98,0.5,0.55,,4,4,1.67,,,,,,
12,8/11/25,8/17/25,99,,,,1,0,,,,,,,
12,8/11/25,8/17/25,100,,,,1,0,,,,,,,
12,8/11/25,8/17/25,101,,,,0,0,,,,,,,
12,8/11/25,8/17/25,102,0.89,0.9,,5,8,0.9,,,,,,
12,8/11/25,8/17/25,103,,,,0,0,,,,,,,
12,8/11/25,8/17/25,104,,,,0,1,,,,,,,
12,8/11/25,8/17/25,105,,,,4,0,,,,,,,
12,8/11/25,8/17/25,106,,,,0,0,,,,,,,
12,8/11/25,8/17/25,107,0.61,,,3,8,0.61,,,,,,
12,8/11/25,8/17/25,108,,,,1,0,,,,,,,
12,8/11/25,8/17/25,109,,,,0,1,,,,,,,
12,8/11/25,8/17/25,110,,,,0,0,,,,,,,
12,8/11/25,8/17/25,111,,0.5,,4,2,0.51,,,,,,
12,8/11/25,8/17/25,112,1,1,,11,6,1,,,,,,
12,8/11/25,8/17/25,113,0.69,0.82,,10,10,0.73,,,,,,
12,8/11/25,8/17/25,114,,0.43,,0,1,4.96,,,,,,
12,8/11/25,8/17/25,115,,,,0,0,,,,,,,
12,8/11/25,8/17/25,116,,0.49,,0,1,4.98,,,,,,
12,8/11/25,8/17/25,117,,0.89,,5,2,0.89,,,,,,
12,8/11/25,8/17/25,118,0.7,,,0,2,0.7,,,,,,
12,8/11/25,8/17/25,119,,0.55,,1,1,5.04,,,,,,
12,8/11/25,8/17/25,120,,,,0,0,,,,,,,
12,8/11/25,8/17/25,121,0.6,0.41,,4,2,2.77,,,,,,
12,8/11/25,8/17/25,122,,,,0,0,,,,,,,
12,8/11/25,8/17/25,123,,0.56,,4,1,0.56,,,,,,
12,8/11/25,8/17/25,124,0.67,0.68,,0,3,1.06,,,,,,
12,8/11/25,8/17/25,125,,0.85,,5,1,0.85,,,,,,
12,8/11/25,8/17/25,126,,0.52,,0,1,5,,,,,,
12,8/11/25,8/17/25,127,,,,0,0,,,,,,,
12,8/11/25,8/17/25,128,,,,0,0,,,,,,,
12,8/11/25,8/17/25,129,0.87,0.72,,17,7,0.78,,,,,,
12,8/11/25,8/17/25,130,,0.64,,0,2,0.64,,,,,,
12,8/11/25,8/17/25,131,,1,,0,3,1,,,,,,
12,8/11/25,8/17/25,132,0.66,0.49,,3,5,1.52,,,,,,
12,8/11/25,8/17/25,133,,0.63,,2,1,5.06,,,,,,
12,8/11/25,8/17/25,134,,0.5,,1,2,0.5,,,,,,
12,8/11/25,8/17/25,135,1,0.45,,7,6,0.63,,,,,,
12,8/11/25,8/17/25,136,,0.96,,0,1,0.96,,,,,,
12,8/11/25,8/17/25,137,,0.37,,0,1,4.91,,,,,,
12,8/11/25,8/17/25,138,,,,3,0,,,,,,,
12,8/11/25,8/17/25,139,,,,2,0,,,,,,,
12,8/11/25,8/17/25,140,,,,0,0,,,,,,,
12,8/11/25,8/17/25,141,,,,0,0,,,,,,,
12,8/11/25,8/17/25,142,,,,0,0,,,,,,,
12,8/11/25,8/17/25,143,,,,2,0,,,,,,,
12,8/11/25,8/17/25,144,,0.46,,1,2,0.46,,,,,,
12,8/11/25,8/17/25,145,,0.47,,0,7,0.47,,,,,,
12,8/11/25,8/17/25,146,0.69,0.8,,3,7,1.42,,,,,,
12,8/11/25,8/17/25,147,,,,3,0,,,,,,,
12,8/11/25,8/17/25,148,0.84,0.65,,0,18,0.72,,,,,,
12,8/11/25,8/17/25,149,0.8,0.8,,14,9,0.8,,,,,,
12,8/11/25,8/17/25,150,,,,0,0,,,,,,,
13,8/18/25,8/24/25,406241,1,1,,0,4,1,2,2,0,1,,
13,8/18/25,8/24/25,406197,0.92,,,3,3,0.92,0,2,0,1,,
13,8/18/25,8/24/25,406246,,,,0,0,,0,2,0,1,,
13,8/18/25,8/24/25,406240,,,,0,4,,2,2,0,1,,
13,8/18/25,8/24/25,406186,0.67,,,0,7,0.67,2,2,0,1,,
13,8/18/25,8/24/25,406262,0.92,,,0,3,0.92,1,2,0,1,,
13,8/18/25,8/24/25,406204,0.73,0.89,,6,13,0.74,2,2,0,1,,
13,8/18/25,8/24/25,403386,,0.22,,0,1,0.22,2,2,0,1,,
13,8/18/25,8/24/25,406279,0.7,0.89,,1,4,0.75,2,2,0,1,,
13,8/18/25,8/24/25,406127,,0.59,,0,1,5.04,0,2,0,1,,
13,8/18/25,8/24/25,406220,0.8,1,,0,9,0.83,2,2,0,1,,
13,8/18/25,8/24/25,406273,0.43,0.33,,0,7,0.41,2,2,1,1,,
13,8/18/25,8/24/25,406195,0.54,0.92,,11,9,0.67,2,2,0,1,,
13,8/18/25,8/24/25,406251,0.57,0.89,,0,3,0.67,2,2,0,1,,
13,8/18/25,8/24/25,406138,0.93,1,,0,4,0.95,2,2,1,1,,
13,8/18/25,8/24/25,406136,0.82,0.56,,0,5,0.76,2,2,0,1,,
13,8/18/25,8/24/25,406149,0.64,1,,2,10,0.71,2,2,0,1,,
13,8/18/25,8/24/25,406228,0.8,0.89,,0,4,0.83,2,2,0,1,,
13,8/18/25,8/24/25,406142,0.81,0.78,,0,4,0.8,2,2,1,1,,
13,8/18/25,8/24/25,406122,1,0.56,,0,4,0.89,2,2,0,1,,
13,8/18/25,8/24/25,406169,0.88,1,,0,4,0.91,2,2,0,1,,
13,8/18/25,8/24/25,406130,0.26,0.22,,0,5,0.24,2,2,1,1,,
13,8/18/25,8/24/25,406271,,,,0,0,,0,2,0,1,,
13,8/18/25,8/24/25,406275,0.64,1,,0,4,0.73,2,2,0,1,,
13,8/18/25,8/24/25,406286,0.56,0.67,,0,4,0.58,2,2,0,1,,
13,8/18/25,8/24/25,406150,1,1,,1,4,1,2,2,1,1,,
13,8/18/25,8/24/25,406124,,,,0,0,,0,2,0,1,,
13,8/18/25,8/24/25,406154,0.92,1,,0,3,0.94,0,2,0,1,,
13,8/18/25,8/24/25,406167,,,,0,0,,0,2,0,1,,
13,8/18/25,8/24/25,406162,0.89,1,,0,4,0.92,2,2,0,1,,
13,8/18/25,8/24/25,406132,,1,,1,4,1,2,2,0,1,,
13,8/18/25,8/24/25,406236,,,,0,0,,0,2,0,1,,
13,8/18/25,8/24/25,406181,,,,0,0,,1,2,0,1,,
13,8/18/25,8/24/25,406166,,,,0,0,,0,2,0,1,,
13,8/18/25,8/24/25,406272,1,1,,0,4,1,2,2,0,1,,
13,8/18/25,8/24/25,406238,0.81,,,0,4,0.81,1,2,0,1,,
13,8/18/25,8/24/25,406123,0.69,1,,2,5,0.77,2,2,1,1,,
13,8/18/25,8/24/25,406244,0.7,0.78,,4,4,0.72,2,2,0,1,,
13,8/18/25,8/24/25,406155,,,,0,1,,2,2,0,1,,
13,8/18/25,8/24/25,406160,,0.78,,0,5,0.78,2,2,1,1,,
13,8/18/25,8/24/25,406126,,,,0,0,,0,2,0,1,,
13,8/18/25,8/24/25,406172,,,,0,0,,0,2,0,1,,
13,8/18/25,8/24/25,406163,,,,0,0,,0,2,0,1,,
13,8/18/25,8/24/25,406215,,,,0,0,,0,2,0,1,,
13,8/18/25,8/24/25,406129,,,,1,0,,0,2,0,1,,
13,8/18/25,8/24/25,406119,0.76,1,,0,4,0.82,2,2,1,1,,
13,8/18/25,8/24/25,406171,0.81,,,0,4,0.81,2,2,0,1,,
13,8/18/25,8/24/25,263088,,,,0,0,,0,2,0,1,,
13,8/18/25,8/24/25,406265,0.68,0.97,,12,15,0.74,2,2,0,1,,
13,8/18/25,8/24/25,406219,,,,0,0,,1,2,0,1,,
13,8/18/25,8/24/25,406199,,,,0,1,,1,2,0,1,,
13,8/18/25,8/24/25,406135,0.4,0.33,,0,4,0.36,2,2,1,1,,
13,8/18/25,8/24/25,406280,,,,0,0,,1,2,0,1,,
13,8/18/25,8/24/25,406274,0.64,0.54,,19,13,0.6,2,2,0,1,,
13,8/18/25,8/24/25,406276,0.88,1,,0,12,0.9,2,2,0,1,,
13,8/18/25,8/24/25,406180,,,,0,0,,0,2,0,1,,
13,8/18/25,8/24/25,406170,,,,0,0,,0,2,0,1,,
13,8/18/25,8/24/25,406253,,,,0,0,,0,2,0,1,,
13,8/18/25,8/24/25,406242,0.59,0.44,,1,5,0.56,2,2,0,1,,
13,8/18/25,8/24/25,406193,0.65,1,,1,5,0.77,2,2,0,1,,
13,8/18/25,8/24/25,406189,0.76,1,,4,5,0.81,2,2,0,1,,
13,8/18/25,8/24/25,406141,,1,,2,5,1,2,2,0,1,,
13,8/18/25,8/24/25,406179,,,,0,0,,0,2,0,1,,
13,8/18/25,8/24/25,406173,,,,0,4,,2,2,0,1,,
13,8/18/25,8/24/25,406283,0.88,1,,9,4,0.91,2,2,0,1,,
13,8/18/25,8/24/25,406176,0.89,0.89,,0,4,0.89,2,2,0,1,,
13,8/18/25,8/24/25,406133,0.5,0.29,,4,10,0.45,2,2,1,1,,
13,8/18/25,8/24/25,406183,0.97,0.94,,4,12,0.96,2,2,0,1,,
13,8/18/25,8/24/25,406139,0.94,0.88,,4,5,0.92,2,2,1,1,,
13,8/18/25,8/24/25,406156,,,,0,0,,0,2,0,1,,
13,8/18/25,8/24/25,406153,0.63,0.67,,0,4,0.64,2,2,0,1,,
13,8/18/25,8/24/25,406161,,,,0,0,,0,2,0,1,,
13,8/18/25,8/24/25,406190,0.88,1,,0,4,0.91,2,2,0,1,,
13,8/18/25,8/24/25,406152,,,,0,0,,0,2,0,1,,
13,8/18/25,8/24/25,406174,,,,0,0,,0,2,0,1,,
13,8/18/25,8/24/25,406192,0.72,0.67,,0,20,0.69,2,2,0,1,,
13,8/18/25,8/24/25,406206,,,,0,0,,0,2,0,1,,
13,8/18/25,8/24/25,406243,,0.67,,0,1,0.67,2,2,0,1,,
13,8/18/25,8/24/25,406226,,1,,4,1,1,0,2,0,1,,
13,8/18/25,8/24/25,406185,0.67,,,8,5,0.67,1,2,0,1,,
13,8/18/25,8/24/25,406257,0.38,0.89,,0,4,0.51,2,2,0,1,,
13,8/18/25,8/24/25,406148,,,,0,0,,2,2,1,1,,
13,8/18/25,8/24/25,406201,,,,0,0,,0,2,0,1,,
13,8/18/25,8/24/25,406158,0.76,0.64,,0,7,0.72,2,2,0,1,,
13,8/18/25,8/24/25,406217,0.81,0.75,,1,6,0.79,2,2,0,1,,
13,8/18/25,8/24/25,406287,,,,0,0,,0,2,0,1,,
13,8/18/25,8/24/25,406281,0.76,,,0,3,0.76,2,2,0,1,,
13,8/18/25,8/24/25,406264,0.88,1,,0,4,0.91,2,2,1,1,,
13,8/18/25,8/24/25,406121,0.23,,,4,5,0.23,0,2,0,1,,
13,8/18/25,8/24/25,406134,0.59,1,,0,4,0.69,2,2,0,1,,
13,8/18/25,8/24/25,406128,,,,0,0,,2,2,1,1,,
13,8/18/25,8/24/25,406229,1,1,,4,5,1,2,2,0,1,,
13,8/18/25,8/24/25,406159,,,,0,1,,1,2,0,1,,
13,8/18/25,8/24/25,406278,,,,0,3,,2,2,0,1,,
13,8/18/25,8/24/25,331276,0.57,0.83,,11,14,0.66,2,2,1,1,,
13,8/18/25,8/24/25,406224,1,1,,5,10,1,2,2,0,1,,
13,8/18/25,8/24/25,406140,,,,0,0,,0,2,0,1,,
13,8/18/25,8/24/25,406125,0.87,,,0,3,0.87,2,2,0,1,,
13,8/18/25,8/24/25,406221,0.8,,,1,3,0.8,1,2,0,1,,
13,8/18/25,8/24/25,406222,,,,0,0,,0,2,0,1,,
13,8/18/25,8/24/25,396515,0.7,,,0,6,0.7,2,2,0,1,,
13,8/18/25,8/24/25,406216,0.77,0.94,,2,9,0.81,2,2,0,1,,
13,8/18/25,8/24/25,406232,0.33,,,0,4,0.33,0,2,0,1,,
13,8/18/25,8/24/25,406188,0.58,0.78,,7,6,0.63,2,2,0,1,,
13,8/18/25,8/24/25,406258,0.8,1,,0,4,0.85,2,2,0,1,,
13,8/18/25,8/24/25,406137,,,,0,0,,0,2,0,1,,
13,8/18/25,8/24/25,363228,0.46,1,,2,5,0.59,2,2,0,1,,
13,8/18/25,8/24/25,406267,0.44,,,0,3,0.44,1,2,0,1,,
13,8/18/25,8/24/25,406270,0.8,0.56,,0,4,0.68,2,2,0,1,,
13,8/18/25,8/24/25,406120,,,,0,0,,0,2,0,1,,
13,8/18/25,8/24/25,291223,0.71,1,,0,5,0.77,2,2,0,1,,
13,8/18/25,8/24/25,406252,1,1,,0,4,1,2,2,0,1,,
13,8/18/25,8/24/25,406131,0.8,0.9,,10,9,0.83,2,2,1,1,,
13,8/18/25,8/24/25,406254,,,,0,0,,0,2,0,1,,
13,8/18/25,8/24/25,406145,,0.5,,0,1,0.5,0,2,1,1,,
13,8/18/25,8/24/25,406259,0.31,0.89,,0,5,0.46,2,2,0,1,,
13,8/18/25,8/24/25,406256,0.58,0.18,,4,6,0.45,1,2,0,1,,
13,8/18/25,8/24/25,406260,,1,,0,1,1,1,2,0,1,,
13,8/18/25,8/24/25,404470,0.76,1,,0,4,0.82,2,2,0,1,,
13,8/18/25,8/24/25,406225,1,,,0,3,1,2,2,0,1,,
13,8/18/25,8/24/25,406146,0.52,,,0,4,0.52,2,2,1,1,,
13,8/18/25,8/24/25,406143,,,,0,0,,0,2,0,1,,
13,8/18/25,8/24/25,406266,,,,0,1,,1,2,0,1,,
13,8/18/25,8/24/25,406175,,0.58,,0,1,1.23,0,2,0,1,,
13,8/18/25,8/24/25,406147,,0.8,,9,4,0.8,1,2,0,1,,
13,8/18/25,8/24/25,406200,,,,0,0,,0,2,0,1,,
13,8/18/25,8/24/25,406268,,0.58,,0,1,5.05,0,2,0,1,,
13,8/18/25,8/24/25,406168,0.76,0.89,,0,4,0.79,2,2,0,1,,
13,8/18/25,8/24/25,406223,0.94,0.62,,15,8,0.74,2,2,0,1,,
13,8/18/25,8/24/25,406210,0.69,0.89,,0,4,0.74,2,2,0,1,,
13,8/18/25,8/24/25,369603,,,,0,1,,2,2,0,1,,
13,8/18/25,8/24/25,406218,,,,0,0,,0,2,0,1,,
13,8/18/25,8/24/25,406277,0.62,1,,0,4,0.72,2,2,0,1,,
13,8/18/25,8/24/25,406233,0.74,0.47,,0,11,0.57,0,2,0,1,,
13,8/18/25,8/24/25,406205,0.75,,,4,4,0.75,2,2,0,1,,
13,8/18/25,8/24/25,406187,,,,0,0,,0,2,0,1,,
13,8/18/25,8/24/25,320136,,0.78,,0,1,0.78,1,2,0,1,,
13,8/18/25,8/24/25,380148,0.93,,,0,5,0.93,2,2,0,1,,
13,8/18/25,8/24/25,402100,1,,,3,5,1,2,2,0,1,,
13,8/18/25,8/24/25,363401,0.94,1,,0,4,0.96,2,2,0,1,,
13,8/18/25,8/24/25,406249,,,,0,0,,0,2,0,1,,
13,8/18/25,8/24/25,406157,0.68,,,0,3,0.68,2,2,0,1,,
13,8/18/25,8/24/25,406118,,1,,0,4,1,2,2,1,1,,
13,8/18/25,8/24/25,406269,,,,0,0,,0,2,0,1,,
13,8/18/25,8/24/25,406284,,0.55,,4,3,0.55,0,2,0,1,,
13,8/18/25,8/24/25,406230,,,,0,0,,1,2,1,1,,
13,8/18/25,8/24/25,406208,0.69,0.67,,0,4,0.69,2,2,0,1,,
13,8/18/25,8/24/25,406227,0.76,0.66,,0,16,0.7,2,2,0,1,,
13,8/18/25,8/24/25,406285,0.9,1,,3,6,0.92,2,2,0,1,,
13,8/18/25,8/24/25,406203,,,,0,1,,1,2,0,1,,